periodo;ultimo_cierre;id;tipo_oc;n;beta;cambio_SL;trigger;SL_LP;Status;Monto Compra (lotes);Valor_actual
2021-12-26 15:00:00;4054,16;1;I;3521,83;4,600940142503199;;3521,83;2141,5479572490403;Abierta;0,1;0
2021-12-26 15:00:00;4054,16;3;I;3655,819795918367;4,538679609652253;;3655,819795918367;2294,215913022691;Abierta;0,1;0
2021-12-26 15:00:00;4054,16;4;I;3977,3953061224493;4,389254330809985;;3977,3953061224493;2660,619006879454;Abierta;0,1;0
2021-12-26 15:00:00;4054,16;20;I;4030,991224489796;4,364350117669607;;4030,991224489796;2721,686189188914;Abierta;0,1;0
2021-12-28 00:00:00;4030,57;21;I;3793,5058620689656;4,473632517478116;;3793,5058620689656;2451,416106825531;Abierta;0,1;0
2021-12-28 00:00:00;4030,57;22;I;3929,343793103448;4,410205014117052;;3929,343793103448;2606,2822888683327;Abierta;0,1;0
2021-12-28 00:00:00;4030,57;24;I;3748,226551724138;4,494775018598471;;3748,226551724138;2399,794046144597;Abierta;0,1;0
2021-12-28 00:00:00;4030,57;26;I;3884,0644827586207;4,431347515237406;;3884,0644827586207;2554,660228187399;Abierta;0,1;0
2021-12-28 00:00:00;4030,57;28;I;3702,9472413793105;4,515917519718825;;3702,9472413793105;2348,171985463663;Abierta;0,1;0
2021-12-28 00:00:00;4030,57;29;I;3838,785172413793;4,452490016357761;;3838,785172413793;2503,0381675064646;Abierta;0,1;0
2021-12-28 01:00:00;3980,72;30;I;3977,3953061224493;4,387665898489446;;3977,3953061224493;2661,0955365756154;Abierta;0,1;0
2021-12-28 04:00:00;3910,84;35;I;3884,0644827586207;4,430839771058534;;3884,0644827586207;2554,8125514410604;Abierta;0,1;0
2021-12-28 14:00:00;3910,46;39;I;3884,0644827586207;4,42920377897198;;3884,0644827586207;2555,303349067027;Abierta;0,1;0
2021-12-28 16:00:00;3861,3;46;I;3838,785172413793;4,44987946387465;;3838,785172413793;2503,8213332513983;Abierta;0,1;0
2021-12-28 17:00:00;3823,27;50;I;3793,5058620689656;4,470665582668861;;3793,5058620689656;2452,3061872683074;Abierta;0,1;0
2021-12-28 18:00:00;3798,43;56;I;3793,5058620689656;4,470364549510196;;3793,5058620689656;2452,396497215907;Abierta;0,1;0
2021-12-28 19:00:00;3806,25;62;I;3793,5058620689656;4,470074690952277;;3793,5058620689656;2452,4834547832825;Abierta;0,1;0
2021-12-28 20:00:00;3824,27;68;I;3793,5058620689656;4,469808344327177;;3793,5058620689656;2452,5633587708126;Abierta;0,1;0
2021-12-28 22:00:00;3809,1;74;I;3793,5058620689656;4,4692374528185645;;3793,5058620689656;2452,734626223396;Abierta;0,1;0
2021-12-29 13:00:00;3756,5;91;I;3748,226551724138;4,4856091781350305;;3748,226551724138;2402,5437982836293;Abierta;0,1;0
2021-12-29 14:00:00;3781,13;99;I;3748,226551724138;4,48529577141755;;3748,226551724138;2402,6378202988735;Abierta;0,1;0
2021-12-29 18:00:00;3753,08;107;I;3748,226551724138;4,48399728065746;;3748,226551724138;2403,0273675269;Abierta;0,1;0
2021-12-29 19:00:00;3724,32;120;I;3702,9472413793105;4,504282128986792;;3702,9472413793105;2351,662602683273;Abierta;0,1;0
2021-12-29 23:00:00;3626,08;126;I;3612,388620689655;4,543723014707709;;3612,388620689655;2249,2717162773424;Abierta;0,1;0
2021-12-29 23:00:00;3626,08;129;I;3567,1093103448275;4,564306150070358;;3567,1093103448275;2197,81746532372;Abierta;0,1;0
2021-12-30 00:00:00;3655,38;139;S;3655,819795918367;4,523452220273868;3692,377993877551;3729,3017738163267;2372,2661077341663;Abierta;0,1;0
2021-12-30 11:00:00;3739,42;152;I;3702,9472413793105;4,4971350948114;;3702,9472413793105;2353,8067129358906;Abierta;0,1;0
2021-12-30 14:00:00;3715,47;162;I;3702,9472413793105;4,496031853544122;;3702,9472413793105;2354,137685316074;Abierta;0,1;0
2021-12-30 22:00:00;3699,04;172;S;3702,9472413793105;4,49327107633127;3739,9767137931035;3777,3764809310346;2429,3951580316534;Abierta;0,1;0
2021-12-31 08:00:00;3798,82;180;I;3793,5058620689656;4,44997258706967;;3793,5058620689656;2458,5140859480643;Abierta;0,1;0
2021-12-31 09:00:00;3794,39;190;I;3793,5058620689656;4,449742430057733;;3793,5058620689656;2458,5831330516457;Abierta;0,1;0
2021-12-31 10:00:00;3770,82;196;I;3748,226551724138;4,46944181010116;;3748,226551724138;2407,39400869379;Abierta;0,1;0
2021-12-31 16:00:00;3742,86;212;I;3702,9472413793105;4,487811881397158;;3702,9472413793105;2356,6036769601633;Abierta;0,1;0
2021-12-31 17:00:00;3717,07;222;I;3702,9472413793105;4,487475537932211;;3702,9472413793105;2356,7045799996476;Abierta;0,1;0
2021-12-31 18:00:00;3699,33;229;I;3655,819795918367;4,507782926072505;;3655,819795918367;2303,4849180966157;Abierta;0,1;0
2021-12-31 19:00:00;3620,62;239;S;3655,819795918367;4,507293062966933;3692,377993877551;3729,3017738163267;2377,113854926247;Abierta;0,1;0
2022-01-01 01:00:00;3723,4;252;I;3702,9472413793105;4,484449649322222;;3702,9472413793105;2357,612346582644;Abierta;0,1;0
2022-01-01 05:00:00;3732,27;262;I;3702,9472413793105;4,4831878843746775;;3702,9472413793105;2357,9908760669077;Abierta;0,1;0
2022-01-01 07:00:00;3712,01;272;I;3702,9472413793105;4,482536829775928;;3702,9472413793105;2358,1861924465325;Abierta;0,1;0
2022-01-01 10:00:00;3688,61;282;S;3702,9472413793105;4,481561053110651;3739,9767137931035;3777,3764809310346;2432,9081649978393;Abierta;0,1;0
2022-01-02 15:00:00;3776,81;290;I;3748,226551724138;4,4545228388781455;;3748,226551724138;2411,8697000606944;Abierta;0,1;0
2022-01-03 16:00:00;3746,39;297;I;3657,6679310344825;4,488365686180986;;3657,6679310344825;2311,158225180187;Abierta;0,1;0
2022-01-03 16:00:00;3746,39;304;I;3702,9472413793105;4,469258731973651;;3702,9472413793105;2362,169621787215;Abierta;0,1;0
2022-01-03 20:00:00;3698,35;313;S;3702,9472413793105;4,468302200830641;3739,9767137931035;3777,3764809310346;2436,8858206818422;Abierta;0,1;0
2022-01-04 10:00:00;3804,29;320;I;3793,5058620689656;4,427330056408964;;3793,5058620689656;2465,3068451462764;Abierta;0,1;0
2022-01-04 18:00:00;3769,09;326;I;3748,226551724138;4,445218714419726;;3748,226551724138;2414,66093739822;Abierta;0,1;0
2022-01-05 18:00:00;3746,9;340;I;3702,9472413793105;4,460360783645705;;3702,9472413793105;2364,839006285599;Abierta;0,1;0
2022-01-05 19:00:00;3650,46;343;I;3612,388620689655;4,497642788100631;;3612,388620689655;2263,095784259466;Abierta;0,1;0
2022-01-05 22:00:00;3527,23;374;I;3460,081724137931;4,5593149064084635;;3460,081724137931;2092,287252215392;Abierta;0,1;0
2022-01-05 22:00:00;3527,23;378;I;3410,98;4,5796205043137075;;3410,98;2037,093848705888;Abierta;0,1;0
2022-01-05 22:00:00;3527,23;385;I;3509,1834482758622;4,539009308503219;;3509,1834482758622;2147,4806557248967;Abierta;0,1;0
2022-01-05 23:00:00;3534,1;393;I;3509,1834482758622;4,5385005569522106;;3509,1834482758622;2147,6332811901993;Abierta;0,1;0
2022-01-06 01:00:00;3519,81;404;I;3509,1834482758622;4,53746637300951;;3509,1834482758622;2147,9435363730095;Abierta;0,1;0
2022-01-06 04:00:00;3446,66;437;I;3410,98;4,575932610415896;;3410,98;2038,2002168752313;Abierta;0,1;0
2022-01-06 08:00:00;3401,48;461;I;3383,75;4,584211199194204;;3383,75;2008,4866402417388;Abierta;0,1;0
2022-01-06 09:00:00;3303,32;468;I;3296,26;4,618821456831082;;3296,26;1910,6135629506757;Abierta;0,1;0
2022-01-06 09:00:00;3303,32;473;S;3383,75;4,583239667220423;3417,5875;3451,763375;2076,7914748338735;Abierta;0,1;0
2022-01-06 18:00:00;3453,1;479;I;3410,98;4,565385228330579;;3410,98;2041,3644315008264;Abierta;0,1;0
2022-01-06 21:00:00;3423,0;487;I;3410,98;4,563434838129552;;3410,98;2041,9495485611344;Abierta;0,1;0
2022-01-06 23:00:00;3401,14;493;I;3383,75;4,5729220808102875;;3383,75;2011,873375756914;Abierta;0,1;0
2022-01-07 03:00:00;3235,0;510;I;3225,4;4,632096796261964;;3225,4;1835,7709611214111;Abierta;0,1;0
2022-01-07 04:00:00;3212,38;524;I;3141,03;4,66409115045189;;3141,03;1741,8026548644334;Abierta;0,1;0
2022-01-07 07:00:00;3197,55;537;I;3141,03;4,6602341593352286;;3141,03;1742,9597521994317;Abierta;0,1;0
2022-01-07 07:00:00;3197,55;543;I;3111,55;4,67173973889626;;3111,55;1710,028078331122;Abierta;0,1;0
2022-01-07 13:00:00;3163,23;548;I;3141,03;4,6531353094650525;;3141,03;1745,0894071604844;Abierta;0,1;0
2022-01-07 15:00:00;3131,26;558;I;3126,3893103448277;4,6562114864100685;;3126,3893103448277;1729,525864421807;Abierta;0,1;0
2022-01-07 15:00:00;3131,26;559;I;3065,37;4,679569818546727;;3065,37;1661,4990544359819;Abierta;0,1;0
2022-01-07 16:00:00;3211,59;562;I;3126,3893103448277;4,655057323971468;;3126,3893103448277;1729,8721131533873;Abierta;0,1;0
2022-01-08 16:00:00;3128,75;568;I;3126,3893103448277;4,629570238115753;;3126,3893103448277;1737,5182389101017;Abierta;0,1;0
2022-01-08 17:00:00;3036,21;578;I;3032,39;4,662242611981524;;3032,39;1633,7172164055428;Abierta;0,1;0
2022-01-08 18:00:00;3005,22;596;I;2999,36;4,672679536536305;;2999,36;1597,5561390391088;Abierta;0,1;0
2022-01-08 19:00:00;3026,2;599;S;3032,39;4,659372847407636;3062,7138999999997;3093,341039;1695,529184777709;Abierta;0,1;0
2022-01-08 19:00:00;3026,2;606;I;2997,11;4,672053074743965;;2997,11;1595,494077576811;Abierta;0,1;0
2022-01-08 21:00:00;3074,96;613;I;3065,37;4,644939182218845;;3065,37;1671,8882453343463;Abierta;0,1;0
2022-01-09 15:00:00;3096,41;621;S;3147,1361224489797;4,597823792613685;3178,6074836734697;3210,3935585102045;1831,0464207260993;Abierta;0,1;0
2022-01-09 15:00:00;3096,41;624;S;3222,1491836734695;4,57204590145994;3254,3706755102044;3286,9143822653064;1915,3006118273247;Abierta;0,1;0
2022-01-09 15:00:00;3096,41;628;S;3297,162244897959;4,546268010306195;3330,133867346939;3363,4352060204083;1999,5548029285496;Abierta;0,1;0
2022-01-09 15:00:00;3096,41;629;S;3109,629591836735;4,610712738190557;3140,7258877551026;3172,1331466326537;1788,9193251754866;Abierta;0,1;0
2022-01-09 17:00:00;3165,64;643;I;3060,483103448276;4,625831325536231;;3060,483103448276;1672,7337057874067;Abierta;0,1;0
2022-01-09 20:00:00;3196,73;645;I;3147,1361224489797;4,5938449974329405;;3147,1361224489797;1768,9826232190976;Abierta;0,1;0
2022-01-09 23:00:00;3152,65;647;I;3147,1361224489797;4,591500807020306;;3147,1361224489797;1769,685880342888;Abierta;0,1;0
2022-01-10 00:00:00;3138,71;648;I;3109,629591836735;4,603359585837655;;3109,629591836735;1728,6217160854387;Abierta;0,1;0
2022-01-10 14:00:00;3014,74;657;I;2923,98;4,652895305037224;;2923,98;1528,111408488833;Abierta;0,1;0
2022-01-10 14:00:00;3014,74;658;I;2997,11;4,628788438798319;;2997,11;1608,4734683605045;Abierta;0,1;0
2022-01-10 14:00:00;3014,74;659;S;3055,769655172414;4,609451635012435;3086,327351724138;3117,1906252413796;1734,3551347376492;Abierta;0,1;0
2022-01-10 14:00:00;3014,74;660;S;3121,6644827586206;4,587729800000041;3152,8811275862067;3184,409938862069;1808,090998862057;Abierta;0,1;0
2022-01-10 15:00:00;3000,79;661;I;2997,11;4,627718395193198;;2997,11;1608,794481442041;Abierta;0,1;0
2022-01-10 16:00:00;3075,87;662;I;2997,11;4,626792061758318;;2997,11;1609,072381472505;Abierta;0,1;0
2022-01-12 13:00:00;3370,57;676;I;3297,162244897959;4,503823449500478;;3297,162244897959;1946,0152100478158;Abierta;0,1;0
2022-01-13 15:00:00;3300,27;681;I;3297,162244897959;4,496248219041914;;3297,162244897959;1948,2877791853853;Abierta;0,1;0
2022-01-13 16:00:00;3300,27;686;I;3297,162244897959;4,495927602895519;;3297,162244897959;1948,3839640293036;Abierta;0,1;0
2022-01-13 17:00:00;3282,04;688;I;3222,1491836734695;4,518277236309971;;3222,1491836734695;1866,6660127804782;Abierta;0,1;0
2022-01-14 00:00:00;3268,32;693;I;3222,1491836734695;4,515733662048932;;3222,1491836734695;1867,42908505879;Abierta;0,1;0
2022-01-14 10:00:00;3222,63;698;I;3222,1491836734695;4,512267288351657;;3222,1491836734695;1868,4689971679725;Abierta;0,1;0
2022-01-14 11:00:00;3200,53;703;S;3222,1491836734695;4,511871673935021;3254,3706755102044;3286,9143822653064;1933,3528800848;Abierta;0,1;0
2022-01-14 15:00:00;3278,18;711;S;3297,162244897959;4,488180587400027;3330,133867346939;3363,4352060204083;2016,9810298004002;Abierta;0,1;0
2022-01-15 15:00:00;3364,94;716;I;3297,162244897959;4,481703973875365;;3297,162244897959;1952,65105273535;Abierta;0,1;0
2022-01-16 02:00:00;3304,55;721;I;3297,162244897959;4,479085660532098;;3297,162244897959;1953,4365467383298;Abierta;0,1;0
2022-01-16 11:00:00;3313,95;726;I;3297,162244897959;4,476899206677805;;3297,162244897959;1954,092482894618;Abierta;0,1;0
2022-01-16 13:00:00;3343,22;731;I;3297,162244897959;4,476447705017042;;3297,162244897959;1954,2279333928468;Abierta;0,1;0
2022-01-17 03:00:00;3257,79;733;I;3222,1491836734695;4,4948566839897905;;3222,1491836734695;1873,6921784765325;Abierta;0,1;0
2022-01-17 16:00:00;3228,52;738;I;3222,1491836734695;4,491325116583758;;3222,1491836734695;1874,7516486983423;Abierta;0,1;0
2022-01-17 17:00:00;3206,25;744;I;3121,6644827586206;4,519601999139139;;3121,6644827586206;1765,783883016879;Abierta;0,1;0
2022-01-18 13:00:00;3139,1;749;I;3121,6644827586206;4,513116574136959;;3121,6644827586206;1767,7295105175328;Abierta;0,1;0
2022-01-18 14:00:00;3118,19;754;S;3121,6644827586206;4,5127527792980375;3152,8811275862067;3184,409938862069;1830,5841050726578;Abierta;0,1;0
2022-01-18 22:00:00;3177,77;759;I;3121,6644827586206;4,509969382350135;;3121,6644827586206;1768,6736680535803;Abierta;0,1;0
2022-01-19 03:00:00;3099,23;767;I;3055,769655172414;4,526588789390398;;3055,769655172414;1697,7930183552946;Abierta;0,1;0
2022-01-19 07:00:00;3058,77;772;I;3055,769655172414;4,52507633319975;;3055,769655172414;1698,246755212489;Abierta;0,1;0
2022-01-19 08:00:00;3063,56;777;I;3055,769655172414;4,524680140244334;;3055,769655172414;1698,3656130991135;Abierta;0,1;0
2022-01-19 10:00:00;3076,54;779;S;3121,6644827586206;4,50577930410406;3152,8811275862067;3184,409938862069;1832,676147630851;Abierta;0,1;0
2022-01-20 14:00:00;3219,27;784;I;3121,6644827586206;4,497121506640457;;3121,6644827586206;1772,5280307664837;Abierta;0,1;0
2022-01-20 21:00:00;3079,73;792;I;3055,769655172414;4,513102136219948;;3055,769655172414;1701,8390143064296;Abierta;0,1;0
2022-01-20 22:00:00;3056,21;796;I;2997,11;4,528496405878161;;2997,11;1638,5610782365518;Abierta;0,1;0
2022-01-20 22:00:00;3056,21;798;I;3055,769655172414;4,512751320088926;;3055,769655172414;1701,9442591457362;Abierta;0,1;0
2022-01-20 23:00:00;2997,48;801;I;2997,11;4,528088771565488;;2997,11;1638,6833685303538;Abierta;0,1;0
2022-01-21 00:00:00;3016,63;806;I;2997,11;4,527697779090638;;2997,11;1638,800666272809;Abierta;0,1;0
2022-01-21 01:00:00;2897,56;809;I;2892,56;4,555188387566902;;2892,56;1526,0034837299293;Abierta;0,1;0
2022-01-21 02:00:00;2904,83;817;I;2882,06;4,55748498503754;;2882,06;1514,8145044887378;Abierta;0,1;0
2022-01-21 03:00:00;2834,6;830;I;2808,74;4,576478384045872;;2808,74;1435,7964847862381;Abierta;0,1;0
2022-01-21 12:00:00;2773,66;834;I;2731,66;4,591710610502551;;2731,66;1354,1468168492347;Abierta;0,1;0
2022-01-21 20:00:00;2744,89;845;I;2731,66;4,586589838198164;;2731,66;1355,6830485405508;Abierta;0,1;0
2022-01-21 21:00:00;2608,73;863;I;2559,84;4,630520682735027;;2559,84;1170,6837951794919;Abierta;0,1;0
2022-01-21 22:00:00;2544,63;864;I;2501,2;4,644790938932076;;2501,2;1107,7627183203772;Abierta;0,1;0
2022-01-21 23:00:00;2566,54;872;I;2501,2;4,643829277663408;;2501,2;1108,0512167009774;Abierta;0,1;0
2022-01-23 15:00:00;2434,67;888;S;2456,007142857143;4,616809821421005;2480,5672142857147;2505,3728864285717;1120,3299400022702;Abierta;0,1;0
2022-01-23 15:00:00;2434,67;899;I;2300,86;4,653905523298888;;2300,86;904,6883430103339;Abierta;0,1;0
2022-01-23 23:00:00;2539,36;903;I;2388,241724137931;4,626064770029634;;2388,241724137931;1000,422293129041;Abierta;0,1;0
2022-01-23 23:00:00;2539,36;904;I;2456,007142857143;4,610097120638805;;2456,007142857143;1072,9780066655019;Abierta;0,1;0
2022-01-24 01:00:00;2457,62;909;I;2456,007142857143;4,608551185105235;;2456,007142857143;1073,4417873255725;Abierta;0,1;0
2022-01-24 07:00:00;2385,91;912;S;2388,241724137931;4,619535434372102;2412,1241413793105;2436,2453827931035;1050,384752481473;Abierta;0,1;0
2022-01-24 10:00:00;2214,96;916;S;2571,585172413793;4,574405670535771;2597,3010241379307;2623,27403437931;1250,9523332185784;Abierta;0,1;0
2022-01-24 10:00:00;2214,96;918;S;2390,5175862068963;4,6162295387243955;2414,4227620689653;2438,566989689655;1053,6981280723367;Abierta;0,1;0
2022-01-24 10:00:00;2214,96;920;I;2209,45;4,6580534069130195;;2209,45;812,0339779260942;Abierta;0,1;0
2022-01-24 10:00:00;2214,96;922;S;2481,0513793103446;4,595317604630083;2505,861893103448;2530,9205120344823;1152,3252306454574;Abierta;0,1;0
2022-01-24 11:00:00;2237,83;926;I;2200,6;4,659008984911617;;2200,6;802,8973045265147;Abierta;0,1;0
2022-01-24 12:00:00;2187,02;931;S;2200,6;4,6578651184727065;2222,6059999999998;2244,8320599999997;847,4725244581878;Abierta;0,1;0
2022-01-24 14:00:00;2205,88;936;S;2897,8175862068965;4,496034038573455;2926,7957620689654;2956,063719689655;1607,2535081176186;Abierta;0,1;0
2022-01-24 14:00:00;2205,88;937;I;2200,6;4,655624894038918;;2200,6;803,9125317883247;Abierta;0,1;0
2022-01-24 14:00:00;2205,88;938;S;2713,330689655172;4,538262493829489;2740,463996551724;2767,868636517241;1406,3898883683946;Abierta;0,1;0
2022-01-24 14:00:00;2205,88;939;S;2805,5741379310343;4,517148266201472;2833,6298793103447;2861,9661781034483;1506,8216982430067;Abierta;0,1;0
2022-01-24 15:00:00;2275,11;942;S;2300,86;4,631713792164649;2323,8686000000002;2347,1072860000004;957,5931483506058;Abierta;0,1;0
2022-01-24 20:00:00;2464,18;946;I;2390,5175862068963;4,6071977272969775;;2390,5175862068963;1008,3582680178031;Abierta;0,1;0
2022-01-25 00:00:00;2390,54;949;I;2390,5175862068963;4,604276057193683;;2390,5175862068963;1009,2347690487916;Abierta;0,1;0
2022-01-25 01:00:00;2392,68;952;I;2390,5175862068963;4,603529022683236;;2390,5175862068963;1009,4588794019257;Abierta;0,1;0
2022-01-25 02:00:00;2411,24;955;I;2390,5175862068963;4,602804093181873;;2390,5175862068963;1009,6763582523347;Abierta;0,1;0
2022-01-25 04:00:00;2379,61;958;S;2390,5175862068963;4,601343666509651;2414,4227620689653;2438,566989689655;1058,16388973676;Abierta;0,1;0
2022-01-25 10:00:00;2429,3;961;I;2390,5175862068963;4,597067360539466;;2390,5175862068963;1011,3973780450565;Abierta;0,1;0
2022-01-25 14:00:00;2392,13;964;I;2390,5175862068963;4,594383664696727;;2390,5175862068963;1012,2024867978782;Abierta;0,1;0
2022-01-26 13:00:00;2623,89;973;I;2571,585172413793;4,542312087229758;;2571,585172413793;1208,8915462448654;Abierta;0,1;0
2022-01-26 18:00:00;2602,67;978;I;2571,585172413793;4,540282125488599;;2571,585172413793;1209,5005347672131;Abierta;0,1;0
2022-01-26 19:00:00;2573,05;983;I;2571,585172413793;4,53985664939386;;2571,585172413793;1209,628177595635;Abierta;0,1;0
2022-01-26 19:00:00;2573,05;985;I;2481,0513793103446;4,559094775540445;;2481,0513793103446;1113,3229466482112;Abierta;0,1;0
2022-01-26 20:00:00;2517,39;990;I;2481,0513793103446;4,558614762470023;;2481,0513793103446;1113,4669505693378;Abierta;0,1;0
2022-01-26 21:00:00;2417,28;996;I;2390,5175862068963;4,577259365931633;;2390,5175862068963;1017,3397764274066;Abierta;0,1;0
2022-01-27 01:00:00;2390,75;1001;I;2390,5175862068963;4,575076711794022;;2390,5175862068963;1017,9945726686899;Abierta;0,1;0
2022-01-27 02:00:00;2388,89;1006;S;2390,5175862068963;4,5744977595287315;2414,4227620689653;2438,566989689655;1066,217661831036;Abierta;0,1;0
2022-01-27 08:00:00;2439,83;1011;I;2390,5175862068963;4,571128086625584;;2390,5175862068963;1019,1791602192213;Abierta;0,1;0
2022-01-27 19:00:00;2394,13;1016;I;2390,5175862068963;4,5656259382055095;;2390,5175862068963;1020,8298047452436;Abierta;0,1;0
2022-01-27 20:00:00;2337,71;1021;S;2390,5175862068963;4,5650603035617765;2414,4227620689653;2438,566989689655;1069,0488986211224;Abierta;0,1;0
2022-01-28 00:00:00;2431,12;1026;I;2390,5175862068963;4,56299658804343;;2390,5175862068963;1021,6186097938671;Abierta;0,1;0
2022-01-28 01:00:00;2396,2;1031;I;2390,5175862068963;4,5624848451554545;;2390,5175862068963;1021,77213266026;Abierta;0,1;0
2022-01-28 02:00:00;2404,56;1036;I;2390,5175862068963;4,561981192403936;;2390,5175862068963;1021,9232284857158;Abierta;0,1;0
2022-01-28 07:00:00;2389,93;1041;S;2390,5175862068963;4,55957980307096;2414,4227620689653;2438,566989689655;1070,6930487683671;Abierta;0,1;0
2022-01-28 14:00:00;2395,28;1046;I;2390,5175862068963;4,556173097717393;;2390,5175862068963;1023,6656568916785;Abierta;0,1;0
2022-01-28 15:00:00;2442,12;1050;S;2481,0513793103446;4,5374544962160375;2505,861893103448;2530,9205120344823;1169,6841631696711;Abierta;0,1;0
2022-01-28 21:00:00;2535,34;1053;S;2571,585172413793;4,5168845142564855;2597,3010241379307;2623,27403437931;1268,2086801023643;Abierta;0,1;0
2022-01-29 20:00:00;2605,89;1058;I;2571,585172413793;4,509367398823752;;2571,585172413793;1218,7749527666674;Abierta;0,1;0
2022-01-30 00:00:00;2569,99;1063;S;2571,585172413793;4,5081975013230915;2597,3010241379307;2623,27403437931;1270,8147839823826;Abierta;0,1;0
2022-01-30 07:00:00;2619,69;1068;I;2571,585172413793;4,5061832721730255;;2571,585172413793;1219,730190761885;Abierta;0,1;0
2022-01-30 19:00:00;2560,93;1073;S;2571,585172413793;4,502901865618828;2597,3010241379307;2623,27403437931;1272,4034746936618;Abierta;0,1;0
2022-01-30 23:00:00;2603,45;1078;I;2571,585172413793;4,5017869700072035;;2571,585172413793;1221,049081411632;Abierta;0,1;0
2022-01-31 00:00:00;2540,69;1085;I;2481,0513793103446;4,519001174234832;;2481,0513793103446;1125,351027039895;Abierta;0,1;0
2022-01-31 04:00:00;2499,2;1088;S;2571,585172413793;4,500282392374699;2597,3010241379307;2623,27403437931;1273,1893166669001;Abierta;0,1;0
2022-02-01 09:00:00;2737,22;1100;I;2713,330689655172;4,466587941876695;;2713,330689655172;1373,3543070921637;Abierta;0,1;0
2022-02-02 14:00:00;2686,0;1106;S;2713,330689655172;4,461832565007397;2740,463996551724;2767,868636517241;1429,3188670150223;Abierta;0,1;0
2022-02-04 10:00:00;2831,9;1123;I;2805,5741379310343;4,43704769978774;;2805,5741379310343;1474,4598279947122;Abierta;0,1;0
2022-02-04 13:00:00;2773,37;1130;S;2805,5741379310343;4,436672196680005;2833,6298793103447;2861,9661781034483;1530,9645190994468;Abierta;0,1;0
2022-02-06 16:00:00;3002,42;1150;I;2378,242244897959;4,51114454339244;;2378,242244897959;1024,898881880227;Abierta;0,1;0
2022-02-06 16:00:00;3002,42;1151;I;2705,800612244898;4,451033301131812;;2705,800612244898;1370,4906219053544;Abierta;0,1;0
2022-02-06 16:00:00;3002,42;1152;I;2323,6491836734695;4,521163083769212;;2323,6491836734695;967,3002585427059;Abierta;0,1;0
2022-02-06 16:00:00;3002,42;1154;S;3415,5104081632653;4,320792276233783;3449,665512244898;3484,1621673673467;2187,924484497212;Abierta;0,1;0
2022-02-06 16:00:00;3002,42;1155;S;3033,358979591837;4,390922058871183;3063,692569387755;3094,3294950816326;1777,0528774202776;Abierta;0,1;0
2022-02-06 16:00:00;3002,42;1156;I;2596,6144897959184;4,4710703818853545;;2596,6144897959184;1255,2933752303122;Abierta;0,1;0
2022-02-06 16:00:00;3002,42;1159;S;3306,324285714286;4,340829356987326;3339,387528571429;3372,7814038571432;2070,5325967609456;Abierta;0,1;0
2022-02-06 16:00:00;3002,42;1160;I;2924,172857142857;4,410959139624726;;2924,172857142857;1600,8851152554394;Abierta;0,1;0
2022-02-06 16:00:00;3002,42;1163;I;2487,4283673469386;4,491107462638897;;2487,4283673469386;1140,0961285552696;Abierta;0,1;0
2022-02-06 16:00:00;3002,42;1165;S;3197,138163265306;4,360866437740869;3229,109544897959;3261,400640346939;1953,1407090246782;Abierta;0,1;0
2022-02-06 16:00:00;3002,42;1166;I;2814,986734693877;4,430996220378269;;2814,986734693877;1485,6878685803968;Abierta;0,1;0
2022-02-07 05:00:00;3094,45;1167;I;3082,304482758621;4,3810835213983825;;3082,304482758621;1767,979426339106;Abierta;0,1;0
2022-02-07 05:00:00;3094,45;1169;I;2990,0610344827587;4,3979983839426415;;2990,0610344827587;1670,6615192999661;Abierta;0,1;0
2022-02-07 06:00:00;3091,45;1171;I;3082,304482758621;4,381028727732564;;3082,304482758621;1767,9958644388516;Abierta;0,1;0
2022-02-07 07:00:00;3081,13;1174;S;3082,304482758621;4,3809723865988355;3113,127527586207;3144,2588028620694;1829,967086882419;Abierta;0,1;0
2022-02-07 16:00:00;3133,91;1177;I;3082,304482758621;4,380484503421928;;3082,304482758621;1768,1591317320424;Abierta;0,1;0
2022-02-08 09:00:00;3095,06;1180;I;3082,304482758621;4,379722390913082;;3082,304482758621;1768,3877654846967;Abierta;0,1;0
2022-02-08 10:00:00;3113,39;1183;I;3082,304482758621;4,379672700860958;;3082,304482758621;1768,4026725003337;Abierta;0,1;0
2022-02-08 12:00:00;3067,79;1186;S;3082,304482758621;4,379565405492175;3113,127527586207;3144,2588028620694;1830,3891812144168;Abierta;0,1;0
2022-02-09 20:00:00;3261,71;1195;I;3197,138163265306;4,357039800828865;;3197,138163265306;1890,0262230166466;Abierta;0,1;0
2022-02-10 02:00:00;3186,45;1199;S;3197,138163265306;4,356841993969135;3229,109544897959;3261,400640346939;1954,3480421561983;Abierta;0,1;0
2022-02-10 10:00:00;3246,72;1203;I;3197,138163265306;4,356546259952441;;3197,138163265306;1890,174285279574;Abierta;0,1;0
2022-02-10 13:00:00;3126,61;1207;S;3197,138163265306;4,3564404749303645;3229,109544897959;3261,400640346939;1954,4684978678297;Abierta;0,1;0
2022-02-10 15:00:00;3210,47;1211;I;3197,138163265306;4,35636604845924;;3197,138163265306;1890,2283487275342;Abierta;0,1;0
2022-02-10 16:00:00;3228,1;1215;I;3197,138163265306;4,356333619313735;;3197,138163265306;1890,2380774711855;Abierta;0,1;0
2022-02-10 17:00:00;3211,1;1219;I;3197,138163265306;4,356299129027676;;3197,138163265306;1890,2484245570035;Abierta;0,1;0
2022-02-10 18:00:00;3183,85;1220;I;3082,304482758621;4,377357684565451;;3082,304482758621;1769,0971773889855;Abierta;0,1;0
2022-02-11 19:00:00;2991,78;1229;I;2990,0610344827587;4,393034049983874;;2990,0610344827587;1672,1508194875967;Abierta;0,1;0
2022-02-11 20:00:00;2916,84;1235;I;2897,8175862068965;4,409898730773066;;2897,8175862068965;1574,8479669749768;Abierta;0,1;0
2022-02-11 22:00:00;2893,19;1240;S;2897,8175862068965;4,409738594230171;2926,7957620689654;2956,063719689655;1633,142141420604;Abierta;0,1;0
2022-02-12 02:00:00;2958,11;1245;I;2897,8175862068965;4,409443460944888;;2897,8175862068965;1574,9845479234302;Abierta;0,1;0
2022-02-12 06:00:00;2907,61;1250;I;2897,8175862068965;4,4091389144114475;;2897,8175862068965;1575,0759118834626;Abierta;0,1;0
2022-02-12 10:00:00;2907,37;1255;I;2897,8175862068965;4,408834694569128;;2897,8175862068965;1575,167177836158;Abierta;0,1;0
2022-02-12 11:00:00;2931,69;1260;I;2897,8175862068965;4,408760191111171;;2897,8175862068965;1575,1895288735452;Abierta;0,1;0
2022-02-12 13:00:00;2893,61;1265;S;2897,8175862068965;4,408600740591528;2926,7957620689654;2956,063719689655;1633,4834975121964;Abierta;0,1;0
2022-02-12 18:00:00;2973,41;1270;I;2897,8175862068965;4,408223907751542;;2897,8175862068965;1575,3504138814342;Abierta;0,1;0
2022-02-12 21:00:00;2876,91;1275;S;2897,8175862068965;4,408004126534805;2926,7957620689654;2956,063719689655;1633,6624817292136;Abierta;0,1;0
2022-02-14 14:00:00;2938,12;1280;I;2897,8175862068965;4,404843718692845;;2897,8175862068965;1576,364470599043;Abierta;0,1;0
2022-02-14 19:00:00;2877,85;1285;S;2897,8175862068965;4,404491807653108;2926,7957620689654;2956,063719689655;1634,7161773937225;Abierta;0,1;0
2022-02-15 01:00:00;3020,11;1288;S;3082,304482758621;4,370467804202585;3113,127527586207;3144,2588028620694;1833,118461601294;Abierta;0,1;0
2022-02-15 14:00:00;3119,21;1293;I;3082,304482758621;4,369872928760207;;3082,304482758621;1771,3426041305586;Abierta;0,1;0
2022-02-16 13:00:00;3075,17;1298;S;3082,304482758621;4,369021434067169;3113,127527586207;3144,2588028620694;1833,5523726419187;Abierta;0,1;0
2022-02-16 19:00:00;3171,12;1303;I;3082,304482758621;4,36877497560992;;3082,304482758621;1771,671990075645;Abierta;0,1;0
2022-02-17 04:00:00;3066,26;1309;I;2990,0610344827587;4,385281070781045;;2990,0610344827587;1674,4767132484453;Abierta;0,1;0
2022-02-17 13:00:00;2994,78;1314;I;2990,0610344827587;4,3848868868832165;;2990,0610344827587;1674,594968417794;Abierta;0,1;0
2022-02-17 14:00:00;2974,14;1319;I;2897,8175862068965;4,401665865120708;;2897,8175862068965;1577,317826670684;Abierta;0,1;0
2022-02-17 18:00:00;2923,24;1326;I;2897,8175862068965;4,401429455299145;;2897,8175862068965;1577,388749617153;Abierta;0,1;0
2022-02-17 19:00:00;2911,67;1331;I;2897,8175862068965;4,401362548250061;;2897,8175862068965;1577,4088217318783;Abierta;0,1;0
2022-02-17 20:00:00;2901,37;1336;I;2897,8175862068965;4,401294026171184;;2897,8175862068965;1577,4293783555413;Abierta;0,1;0
2022-02-17 21:00:00;2894,43;1342;I;2805,5741379310343;4,418052549603776;;2805,5741379310343;1480,1583730499015;Abierta;0,1;0
2022-02-18 14:00:00;2851,78;1347;I;2805,5741379310343;4,416876991573514;;2805,5741379310343;1480,5110404589802;Abierta;0,1;0
2022-02-19 12:00:00;2710,34;1355;I;2705,800612244898;4,433078077648926;;2705,800612244898;1375,8771889502202;Abierta;0,1;0
2022-02-19 13:00:00;2741,8;1361;I;2705,800612244898;4,432980484087186;;2705,800612244898;1375,906467018742;Abierta;0,1;0
2022-02-20 01:00:00;2739,67;1367;I;2705,800612244898;4,431831121427464;;2705,800612244898;1376,2512758166586;Abierta;0,1;0
2022-02-20 03:00:00;2712,6;1373;I;2705,800612244898;4,431628049202726;;2705,800612244898;1376,31219748408;Abierta;0,1;0
2022-02-20 17:00:00;2644,45;1391;S;3251,7312244897957;4,331501917927585;3284,2485367346935;3317,0910221020404;2017,6404467237649;Abierta;0,1;0
2022-02-20 21:00:00;2596,99;1396;I;2596,6144897959184;4,449240056725991;;2596,6144897959184;1261,8424727781212;Abierta;0,1;0
2022-02-21 12:00:00;2609,42;1398;S;2694,882;4,430013909235259;2721,83082;2749,0491282000003;1420,0449554294225;Abierta;0,1;0
2022-02-21 12:00:00;2609,42;1399;S;2962,388;4,381933371202248;2992,01188;3021,9319988;1707,351987439326;Abierta;0,1;0
2022-02-21 12:00:00;2609,42;1400;S;2784,0506666666665;4,413987063224256;2811,8911733333334;2840,0100850666668;1515,8139660993902;Abierta;0,1;0
2022-02-21 12:00:00;2609,42;1401;I;2596,6144897959184;4,447676147696366;;2596,6144897959184;1262,3116454870085;Abierta;0,1;0
2022-02-21 12:00:00;2609,42;1403;S;2873,2193333333335;4,397960217213251;2901,9515266666667;2930,9710419333333;1611,582976769358;Abierta;0,1;0
2022-02-21 13:00:00;2607,92;1404;I;2596,6144897959184;4,4475546747540955;;2596,6144897959184;1262,3480873696897;Abierta;0,1;0
2022-02-21 15:00:00;2724,46;1406;I;2694,882;4,4297067684908615;;2694,882;1365,9699694527417;Abierta;0,1;0
2022-02-21 17:00:00;2695,86;1408;I;2694,882;4,4295130045432725;;2694,882;1366,0280986370185;Abierta;0,1;0
2022-02-21 18:00:00;2641,11;1411;I;2596,6144897959184;4,447044696701194;;2596,6144897959184;1262,5010807855601;Abierta;0,1;0
2022-02-21 21:00:00;2583,26;1413;S;2596,6144897959184;4,446698885363406;2622,5806346938775;2648,8064410408165;1314,7967754317947;Abierta;0,1;0
2022-02-22 14:00:00;2646,15;1415;I;2596,6144897959184;4,4445532732813335;;2596,6144897959184;1263,2485078115183;Abierta;0,1;0
2022-02-22 16:00:00;2602,97;1417;I;2596,6144897959184;4,444324593444074;;2596,6144897959184;1263,3171117626964;Abierta;0,1;0
2022-02-22 17:00:00;2594,43;1419;S;2596,6144897959184;4,44420631944564;2622,5806346938775;2648,8064410408165;1315,5445452071247;Abierta;0,1;0
2022-02-22 23:00:00;2639,05;1420;S;2694,882;4,426018458264805;2721,83082;2749,0491282000003;1421,243590720559;Abierta;0,1;0
2022-02-23 12:00:00;2744,14;1422;I;2694,882;4,424771796536393;;2694,882;1367,4504610390823;Abierta;0,1;0
2022-02-23 15:00:00;2688,98;1425;I;2596,6144897959184;4,441964077314766;;2596,6144897959184;1264,0252666014887;Abierta;0,1;0
2022-02-24 04:00:00;2402,68;1434;I;2378,242244897959;4,479122603870943;;2378,242244897959;1034,5054637366766;Abierta;0,1;0
2022-02-24 05:00:00;2333,04;1436;I;2323,6491836734695;4,488597291056487;;2323,6491836734695;977,0699963565232;Abierta;0,1;0
2022-02-24 07:00:00;2372,02;1444;S;2378,242244897959;4,478575148584687;2402,0246673469387;2426,044914020408;1082,4723694450024;Abierta;0,1;0
2022-02-24 14:00:00;2438,12;1448;S;2487,4283673469386;4,458129019933109;2512,302651020408;2537,425677530612;1199,9869715506795;Abierta;0,1;0
2022-02-24 18:00:00;2526,61;1452;S;2596,6144897959184;4,438340610214094;2622,5806346938775;2648,8064410408165;1317,3042579765886;Abierta;0,1;0
2022-02-24 20:00:00;2650,94;1457;I;2596,6144897959184;4,438137080162126;;2596,6144897959184;1265,1733657472805;Abierta;0,1;0
2022-02-24 22:00:00;2565,79;1462;S;2596,6144897959184;4,437924940565101;2622,5806346938775;2648,8064410408165;1317,4289588712863;Abierta;0,1;0
2022-02-25 01:00:00;2630,93;1467;I;2596,6144897959184;4,437610678788171;;2596,6144897959184;1265,3312861594673;Abierta;0,1;0
2022-02-25 05:00:00;2607,5;1472;I;2596,6144897959184;4,437211008352202;;2596,6144897959184;1265,4511872902576;Abierta;0,1;0
2022-02-25 08:00:00;2609,4;1477;I;2596,6144897959184;4,436908629005891;;2596,6144897959184;1265,5419010941512;Abierta;0,1;0
2022-02-25 09:00:00;2618,75;1480;S;2694,882;4,419554784325868;2721,83082;2749,0491282000003;1423,18269290224;Abierta;0,1;0
2022-02-26 00:00:00;2832,5;1495;I;2784,0506666666665;4,402729870968641;;2784,0506666666665;1463,2317053760744;Abierta;0,1;0
2022-02-26 03:00:00;2792,51;1501;I;2784,0506666666665;4,402542262877771;;2784,0506666666665;1463,2879878033355;Abierta;0,1;0
2022-02-26 05:00:00;2775,1;1507;S;2784,0506666666665;4,402413671142052;2811,8911733333334;2840,0100850666668;1519,285983724051;Abierta;0,1;0
2022-02-26 21:00:00;2824,91;1513;I;2784,0506666666665;4,401377148680274;;2784,0506666666665;1463,6375220625841;Abierta;0,1;0
2022-02-26 23:00:00;2778,72;1514;I;2694,882;4,416845661141875;;2694,882;1369,8283016574378;Abierta;0,1;0
2022-02-27 01:00:00;2681,55;1520;S;2694,882;4,416693382913693;2721,83082;2749,0491282000003;1424,0411133258924;Abierta;0,1;0
2022-02-27 09:00:00;2768,39;1526;I;2694,882;4,416105819836336;;2694,882;1370,0502540490993;Abierta;0,1;0
2022-02-27 19:00:00;2608,86;1534;I;2596,6144897959184;4,432597057628386;;2596,6144897959184;1266,8353725074028;Abierta;0,1;0
2022-02-27 20:00:00;2636,6;1540;I;2596,6144897959184;4,432507109672292;;2596,6144897959184;1266,8623568942307;Abierta;0,1;0
2022-02-27 21:00:00;2603,38;1546;I;2596,6144897959184;4,432411223332036;;2596,6144897959184;1266,8911227963079;Abierta;0,1;0
2022-02-27 22:00:00;2630,26;1552;I;2596,6144897959184;4,432320409295496;;2596,6144897959184;1266,9183670072698;Abierta;0,1;0
2022-02-27 23:00:00;2617,86;1558;I;2596,6144897959184;4,432227478385177;;2596,6144897959184;1266,9462462803654;Abierta;0,1;0
2022-02-28 00:00:00;2606,86;1564;I;2596,6144897959184;4,4321326773572585;;2596,6144897959184;1266,974686588741;Abierta;0,1;0
2022-02-28 02:00:00;2612,24;1570;I;2596,6144897959184;4,431951164560991;;2596,6144897959184;1267,0291404276213;Abierta;0,1;0
2022-02-28 06:00:00;2607,05;1574;S;2694,882;4,4144571231329754;2721,83082;2749,0491282000003;1424,7119912601077;Abierta;0,1;0
2022-02-28 14:00:00;2759,34;1585;S;2784,0506666666665;4,398272924072969;2811,8911733333334;2840,0100850666668;1520,5282078447763;Abierta;0,1;0
2022-02-28 22:00:00;2896,57;1590;I;2873,2193333333335;4,382328686915135;;2873,2193333333335;1558,520727258793;Abierta;0,1;0
2022-03-01 13:00:00;3019,92;1601;I;2962,388;4,366252301889506;;2962,388;1652,5123094331482;Abierta;0,1;0
2022-03-01 15:00:00;2948,02;1609;S;2962,388;4,3661791663539224;2992,01188;3021,9319988;1712,0782488938237;Abierta;0,1;0
2022-03-02 03:00:00;3017,14;1617;I;2962,388;4,365735663064816;;2962,388;1652,6673010805553;Abierta;0,1;0
2022-03-02 06:00:00;2967,89;1625;I;2962,388;4,365636770345123;;2962,388;1652,696968896463;Abierta;0,1;0
2022-03-02 07:00:00;2969,07;1633;I;2962,388;4,365601703690352;;2962,388;1652,7074888928946;Abierta;0,1;0
2022-03-02 08:00:00;2976,97;1641;I;2962,388;4,365567513521474;;2962,388;1652,7177459435577;Abierta;0,1;0
2022-03-02 12:00:00;2985,68;1649;I;2962,388;4,365439828162966;;2962,388;1652,7560515511102;Abierta;0,1;0
2022-03-02 13:00:00;2942,5;1657;S;2962,388;4,365402082079772;2992,01188;3021,9319988;1712,311374176069;Abierta;0,1;0
2022-03-02 14:00:00;3011,51;1665;I;2962,388;4,365371699964429;;2962,388;1652,7764900106713;Abierta;0,1;0
2022-03-02 15:00:00;2950,58;1677;I;2873,2193333333335;4,380856417161747;;2873,2193333333335;1558,9624081848096;Abierta;0,1;0
2022-03-03 06:00:00;2914,79;1685;I;2873,2193333333335;4,380289120582873;;2873,2193333333335;1559,1325971584718;Abierta;0,1;0
2022-03-03 15:00:00;2828,54;1695;I;2784,0506666666665;4,395437124544554;;2784,0506666666665;1465,4195293033006;Abierta;0,1;0
2022-03-04 00:00:00;2734,12;1696;I;2694,882;4,410479845957711;;2694,882;1371,7380462126869;Abierta;0,1;0
2022-03-04 01:00:00;2732,71;1704;I;2694,882;4,410415622810216;;2694,882;1371,7573131569354;Abierta;0,1;0
2022-03-04 14:00:00;2703,78;1712;I;2694,882;4,409578722037295;;2694,882;1372,0083833888118;Abierta;0,1;0
2022-03-04 15:00:00;2669,8;1723;I;2596,6144897959184;4,426585490783691;;2596,6144897959184;1268,638842560811;Abierta;0,1;0
2022-03-04 22:00:00;2612,29;1731;I;2596,6144897959184;4,42603312729046;;2596,6144897959184;1268,8045516087805;Abierta;0,1;0
2022-03-05 00:00:00;2595,44;1739;S;2596,6144897959184;4,425865656759762;2622,5806346938775;2648,8064410408165;1321,0467440128878;Abierta;0,1;0
2022-03-05 08:00:00;2651,75;1747;I;2596,6144897959184;4,425224287121239;;2596,6144897959184;1269,0472036595468;Abierta;0,1;0
2022-03-06 10:00:00;2597,38;1755;I;2596,6144897959184;4,423287722958252;;2596,6144897959184;1269,628172908443;Abierta;0,1;0
2022-03-06 18:00:00;2621,62;1774;I;2596,6144897959184;4,422675858246469;;2596,6144897959184;1269,8117323219776;Abierta;0,1;0
2022-03-06 18:00:00;2621,62;1776;I;2542,0214285714283;4,432102512819344;;2542,0214285714283;1212,390674725625;Abierta;0,1;0
2022-03-06 23:00:00;2548,41;1786;I;2542,0214285714283;4,431699716321776;;2542,0214285714283;1212,5115136748955;Abierta;0,1;0
2022-03-06 23:00:00;2548,41;1790;S;2621,0872413793104;4,418056901676997;2647,2981137931033;2673,7710949310344;1348,3540244279352;Abierta;0,1;0
2022-03-07 00:00:00;2541,17;1796;S;2542,0214285714283;4,431608691216243;2567,4416428571426;2593,116059285714;1263,6334519208413;Abierta;0,1;0
2022-03-07 13:00:00;2619,73;1802;I;2542,0214285714283;4,430431531780568;;2542,0214285714283;1212,8919690372581;Abierta;0,1;0
2022-03-07 18:00:00;2520,32;1805;I;2487,4283673469386;4,439410338550757;;2487,4283673469386;1155,6052657817115;Abierta;0,1;0
2022-03-07 19:00:00;2460,37;1811;S;2487,4283673469386;4,439305703544188;2512,302651020408;2537,425677530612;1205,6339664673555;Abierta;0,1;0
2022-03-08 01:00:00;2521,49;1820;S;2542,0214285714283;4,4293447229246965;2567,4416428571426;2593,116059285714;1264,3126424083052;Abierta;0,1;0
2022-03-08 10:00:00;2596,98;1826;I;2542,0214285714283;4,428575518195914;;2542,0214285714283;1213,4487731126542;Abierta;0,1;0
2022-03-08 15:00:00;2557,52;1832;I;2542,0214285714283;4,428172808896182;;2542,0214285714283;1213,5695859025736;Abierta;0,1;0
2022-03-08 16:00:00;2539,77;1838;S;2542,0214285714283;4,428086749068014;2567,4416428571426;2593,116059285714;1264,6900345653098;Abierta;0,1;0
2022-03-09 03:00:00;2697,91;1846;S;2713,330689655172;4,397929771428244;2740,463996551724;2767,868636517241;1448,4897050887678;Abierta;0,1;0
2022-03-09 08:00:00;2753,68;1853;I;2713,330689655172;4,39766043058717;;2713,330689655172;1394,0325604790212;Abierta;0,1;0
2022-03-09 13:00:00;2726,17;1860;I;2713,330689655172;4,397401164161383;;2713,330689655172;1394,1103404067574;Abierta;0,1;0
2022-03-09 18:00:00;2711,08;1869;I;2621,0872413793104;4,4129115441314815;;2621,0872413793104;1297,213778139866;Abierta;0,1;0
2022-03-10 04:00:00;2603,58;1879;I;2542,0214285714283;4,425821119929844;;2542,0214285714283;1214,2750925924754;Abierta;0,1;0
2022-03-11 02:00:00;2526,71;1885;S;2542,0214285714283;4,424213851112345;2567,4416428571426;2593,116059285714;1265,8519039520106;Abierta;0,1;0
2022-03-11 07:00:00;2609,19;1891;S;2621,0872413793104;4,410373320592405;2647,2981137931033;2673,7710949310344;1350,6590987533132;Abierta;0,1;0
2022-03-11 12:00:00;2654,91;1898;I;2621,0872413793104;4,410044148732414;;2621,0872413793104;1298,0739967595862;Abierta;0,1;0
2022-03-11 13:00:00;2619,22;1908;I;2542,0214285714283;4,423433509990333;;2542,0214285714283;1214,9913755743285;Abierta;0,1;0
2022-03-11 20:00:00;2530,18;1915;S;2542,0214285714283;4,422908833103025;2567,4416428571426;2593,116059285714;1266,2434093548065;Abierta;0,1;0
2022-03-12 01:00:00;2588,48;1922;I;2542,0214285714283;4,4225433571991815;;2542,0214285714283;1215,2584214116737;Abierta;0,1;0
2022-03-13 12:00:00;2540,0;1929;S;2542,0214285714283;4,420096659138808;2567,4416428571426;2593,116059285714;1267,087061544072;Abierta;0,1;0
2022-03-14 04:00:00;2568,99;1936;I;2542,0214285714283;4,418939873422005;;2542,0214285714283;1216,3394665448268;Abierta;0,1;0
2022-03-14 17:00:00;2535,54;1943;S;2542,0214285714283;4,418064768229539;2567,4416428571426;2593,116059285714;1267,6966288168526;Abierta;0,1;0
2022-03-14 23:00:00;2589,15;1950;I;2542,0214285714283;4,417641750286402;;2542,0214285714283;1216,728903485508;Abierta;0,1;0
2022-03-15 01:00:00;2542,74;1957;I;2542,0214285714283;4,417506281302804;;2542,0214285714283;1216,7695441805872;Abierta;0,1;0
2022-03-15 02:00:00;2562,04;1964;I;2542,0214285714283;4,417438285106058;;2542,0214285714283;1216,789943039611;Abierta;0,1;0
2022-03-15 03:00:00;2543,89;1971;I;2542,0214285714283;4,417367807735766;;2542,0214285714283;1216,8110862506987;Abierta;0,1;0
2022-03-15 04:00:00;2545,26;1978;I;2542,0214285714283;4,417297613977352;;2542,0214285714283;1216,8321443782227;Abierta;0,1;0
2022-03-15 05:00:00;2549,32;1985;I;2542,0214285714283;4,417228083655721;;2542,0214285714283;1216,8530034747118;Abierta;0,1;0
2022-03-15 07:00:00;2533,02;1992;S;2542,0214285714283;4,417086184103832;2567,4416428571426;2593,116059285714;1267,9902040545646;Abierta;0,1;0
2022-03-15 16:00:00;2602,16;1996;S;2621,0872413793104;4,403162820128391;2647,2981137931033;2673,7710949310344;1352,822248892517;Abierta;0,1;0
2022-03-16 02:00:00;2689,12;2003;I;2621,0872413793104;4,402602798476894;;2621,0872413793104;1300,3064018362422;Abierta;0,1;0
2022-03-16 03:00:00;2621,54;2010;I;2621,0872413793104;4,402545803336872;;2621,0872413793104;1300,323500378249;Abierta;0,1;0
2022-03-16 04:00:00;2619,92;2017;S;2621,0872413793104;4,402488668555455;2647,2981137931033;2673,7710949310344;1353,0244943643977;Abierta;0,1;0
2022-03-16 08:00:00;2674,65;2022;S;2713,330689655172;4,386773389744557;2740,463996551724;2767,868636517241;1451,8366195938738;Abierta;0,1;0
2022-03-17 12:00:00;2806,24;2042;S;2814,986734693877;4,368530157726926;2843,136602040816;2871,5679680612243;1561,0089207431463;Abierta;0,1;0
2022-03-18 16:00:00;2924,66;2057;I;2924,172857142857;4,3492441976982885;;2924,172857142857;1619,3995978333708;Abierta;0,1;0
2022-03-18 17:00:00;2937,38;2066;I;2924,172857142857;4,34922141212014;;2924,172857142857;1619,4064335068153;Abierta;0,1;0
2022-03-18 18:00:00;2932,67;2075;I;2924,172857142857;4,349198265281533;;2924,172857142857;1619,4133775583975;Abierta;0,1;0
2022-03-19 07:00:00;2923,8;2084;S;2924,172857142857;4,348911751074335;2953,4145857142857;2982,9487315714287;1678,2752062491281;Abierta;0,1;0
2022-03-19 16:00:00;2972,76;2093;I;2924,172857142857;4,348721329972686;;2924,172857142857;1619,5564581510514;Abierta;0,1;0
2022-03-19 22:00:00;2934,12;2102;I;2924,172857142857;4,348592649780185;;2924,172857142857;1619,5950622088017;Abierta;0,1;0
2022-03-20 01:00:00;2928,7;2111;I;2924,172857142857;4,348526116321979;;2924,172857142857;1619,6150222462634;Abierta;0,1;0
2022-03-20 18:00:00;2843,94;2126;S;3087,9520408163266;4,320491114572401;3118,83156122449;3150,019876836735;1853,872542465015;Abierta;0,1;0
2022-03-20 18:00:00;2843,94;2130;S;3415,5104081632653;4,265293261880499;3449,665512244898;3484,1621673673467;2204,574188803197;Abierta;0,1;0
2022-03-20 18:00:00;2843,94;2135;S;3306,324285714286;4,2836925461111335;3339,387528571429;3372,7814038571432;2087,6736400238033;Abierta;0,1;0
2022-03-20 18:00:00;2843,94;2136;S;2924,172857142857;4,348090040918352;2953,4145857142857;2982,9487315714287;1678,521719295923;Abierta;0,1;0
2022-03-22 03:00:00;3006,44;2149;I;2990,0610344827587;4,336148652927338;;2990,0610344827587;1689,2164386045574;Abierta;0,1;0
2022-03-22 06:00:00;2983,31;2154;S;3408,231333333333;4,26550224990141;3442,3136466666665;3476,736783133333;2197,08610816291;Abierta;0,1;0
2022-03-22 06:00:00;2983,31;2161;S;2990,0610344827587;4,33609751424206;3019,9616448275865;3050,161261275862;1749,3320070032444;Abierta;0,1;0
2022-03-25 10:00:00;3145,26;2170;I;3087,9520408163266;4,31831860324663;;3087,9520408163266;1792,4564598423378;Abierta;0,1;0
2022-03-25 17:00:00;3103,65;2176;I;3087,9520408163266;4,318255488341899;;3087,9520408163266;1792,475394313757;Abierta;0,1;0
2022-03-25 19:00:00;3114,55;2182;I;3087,9520408163266;4,318234461521226;;3087,9520408163266;1792,481702359959;Abierta;0,1;0
2022-03-26 01:00:00;3107,85;2193;S;3197,138163265306;4,299585920855971;3229,109544897959;3261,400640346939;1971,5248640901475;Abierta;0,1;0
2022-03-29 12:00:00;3463,9;2212;I;3408,231333333333;4,262852999050074;;3408,231333333333;2129,375433618311;Abierta;0,1;0
2022-03-29 15:00:00;3402,09;2223;I;3306,324285714286;4,280375023632329;;3306,324285714286;2022,2117786245872;Abierta;0,1;0
2022-03-31 16:00:00;3267,36;2231;S;3306,324285714286;4,280366634947539;3339,387528571429;3372,7814038571432;2088,671413372882;Abierta;0,1;0
2022-04-01 14:00:00;3422,25;2238;I;3408,231333333333;4,2625621997382;;3408,231333333333;2129,4626734118733;Abierta;0,1;0
2022-04-01 17:00:00;3467,28;2250;I;3319,0626666666667;4,278043964657709;;3319,0626666666667;2035,6494772693543;Abierta;0,1;0
2022-04-03 18:00:00;3508,95;2257;I;3470,103469387755;4,2518209588470555;;3470,103469387755;2194,5571817336386;Abierta;0,1;0
2022-04-03 18:00:00;3508,95;2263;I;2978,765918367347;4,337693920868088;;2978,765918367347;1677,4577421069205;Abierta;0,1;0
2022-04-04 00:00:00;3473,01;2275;I;3174,5479310344826;4,303525729477048;;3174,5479310344826;1883,4902121913683;Abierta;0,1;0
2022-04-04 01:00:00;3484,34;2283;I;3408,231333333333;4,262653469067752;;3408,231333333333;2129,4352926130077;Abierta;0,1;0
2022-04-04 01:00:00;3484,34;2291;I;3319,0626666666667;4,278252229750663;;3319,0626666666667;2035,586997741468;Abierta;0,1;0
2022-04-04 18:00:00;3460,02;2295;I;3408,231333333333;4,26267661025829;;3408,231333333333;2129,4283502558465;Abierta;0,1;0
2022-04-06 00:00:00;3326,27;2315;I;3319,0626666666667;4,278427332064618;;3319,0626666666667;2035,5344670472814;Abierta;0,1;0
2022-04-06 10:00:00;3326,64;2323;I;3319,0626666666667;4,278404033835653;;3319,0626666666667;2035,541456515971;Abierta;0,1;0
2022-04-06 11:00:00;3304,64;2326;I;3251,7312244897957;4,290267230268419;;3251,7312244897957;1964,6510554092702;Abierta;0,1;0
2022-04-06 18:00:00;3237,45;2344;I;3174,5479310344826;4,30384057505824;;3174,5479310344826;1883,3957585170108;Abierta;0,1;0
2022-04-06 23:00:00;3168,96;2352;S;3174,5479310344826;4,303808350353463;3206,2934103448274;3238,3563444482756;1947,213839342237;Abierta;0,1;0
2022-04-07 11:00:00;3250,8;2360;I;3174,5479310344826;4,303730800375115;;3174,5479310344826;1883,428690921948;Abierta;0,1;0
2022-04-07 15:00:00;3197,46;2368;I;3174,5479310344826;4,303705558769758;;3174,5479310344826;1883,4362634035554;Abierta;0,1;0
2022-04-08 23:00:00;3190,01;2376;I;3174,5479310344826;4,30356629016215;;3174,5479310344826;1883,4780439858378;Abierta;0,1;0
2022-04-11 02:00:00;3163,87;2379;I;3082,304482758621;4,31978018843477;;3082,304482758621;1786,37042622819;Abierta;0,1;0
2022-04-11 09:00:00;3084,81;2387;I;3082,304482758621;4,319731642073774;;3082,304482758621;1786,384990136489;Abierta;0,1;0
2022-04-11 16:00:00;3020,79;2406;I;2978,765918367347;4,3381365752658105;;2978,765918367347;1677,3249457876036;Abierta;0,1;0
2022-04-11 20:00:00;2992,64;2417;I;2978,765918367347;4,338079789228581;;2978,765918367347;1677,3419815987727;Abierta;0,1;0
2022-04-11 21:00:00;2965,04;2424;S;2978,765918367347;4,338062269680924;3008,55357755102;3038,6391133265306;1737,2204324222535;Abierta;0,1;0
2022-04-12 11:00:00;3040,48;2431;I;2978,765918367347;4,33785271580855;;2978,765918367347;1677,4101036247819;Abierta;0,1;0
2022-04-12 19:00:00;2971,74;2438;S;2978,765918367347;4,337748878288323;3008,55357755102;3038,6391133265306;1737,3144498400336;Abierta;0,1;0
2022-04-13 00:00:00;3026,81;2444;I;3022,7925806451613;4,329792640033727;;3022,7925806451613;1723,8547886350432;Abierta;0,1;0
2022-04-13 01:00:00;3030,37;2453;I;3022,7925806451613;4,329779079806149;;3022,7925806451613;1723,8588567033166;Abierta;0,1;0
2022-04-13 02:00:00;3045,74;2457;I;3022,7925806451613;4,329766485593804;;3022,7925806451613;1723,8626349670203;Abierta;0,1;0
2022-04-13 11:00:00;3013,69;2459;S;3022,7925806451613;4,329654014992967;3053,020506451613;3083,550711516129;1784,654507018239;Abierta;0,1;0
2022-04-13 13:00:00;3080,49;2461;I;3022,7925806451613;4,329628632712504;;3022,7925806451613;1723,9039908314103;Abierta;0,1;0
2022-04-14 15:00:00;3015,27;2463;S;3022,7925806451613;4,329382054178488;3053,020506451613;3083,550711516129;1784,7360952625825;Abierta;0,1;0
2022-04-16 22:00:00;3061,65;2465;I;3022,7925806451613;4,328656557019821;;3022,7925806451613;1724,1956135392152;Abierta;0,1;0
2022-04-17 18:00:00;3030,58;2478;I;2978,765918367347;4,336377655907023;;2978,765918367347;1677,85262159524;Abierta;0,1;0
