DateTime,Open,High,Low,Close,Tick_Volume,Spread,Real_Volume
2025-10-29 18:00:00,270.39,270.88,268.58,269.45,5032.0,10,0.0
2025-10-29 19:00:00,269.45,269.56,267.75,269.13,3412.0,10,0.0
2025-10-30 10:00:00,271.25,271.8,271.13,271.72,202.0,14,0.0
2025-10-30 11:00:00,271.71,272.35,271.19,272.11,466.0,14,0.0
2025-10-30 12:00:00,272.11,272.11,270.78,271.07,1011.0,14,0.0
2025-10-30 13:00:00,271.09,274.05,270.59,271.02,5213.0,10,0.0
2025-10-30 14:00:00,271.01,271.31,268.44,268.86,4903.0,10,0.0
2025-10-30 15:00:00,268.87,271.69,268.84,271.12,3248.0,10,0.0
2025-10-30 16:00:00,271.12,272.34,271.12,271.25,2582.0,10,0.0
2025-10-30 17:00:00,271.25,272.01,271.0,271.95,2069.0,10,0.0
2025-10-30 18:00:00,271.95,272.24,271.14,271.3,2522.0,9,0.0
2025-10-30 19:00:00,271.29,271.58,270.95,271.32,2153.0,9,0.0
2025-10-31 10:00:00,276.51,276.85,275.77,276.57,372.0,14,0.0
2025-10-31 11:00:00,276.62,277.71,276.18,277.03,1045.0,14,0.0
2025-10-31 12:00:00,277.0,278.27,276.55,276.8,1314.0,14,0.0
2025-10-31 13:00:00,276.8,277.51,269.03,270.29,10180.0,12,0.0
2025-10-31 14:00:00,270.31,271.42,269.06,270.49,6369.0,11,0.0
2025-10-31 15:00:00,270.49,271.41,270.12,271.34,4403.0,11,0.0
2025-10-31 16:00:00,271.34,273.02,270.65,271.5,4581.0,11,0.0
2025-10-31 17:00:00,271.49,271.65,269.99,271.26,3285.0,10,0.0
2025-10-31 18:00:00,271.26,271.99,271.12,271.56,2293.0,10,0.0
2025-10-31 19:00:00,271.57,272.51,271.28,272.2,2317.0,10,0.0
2025-11-03 11:00:00,270.68,271.18,270.38,270.65,217.0,14,0.0
2025-11-03 12:00:00,270.59,270.8,269.88,269.98,328.0,14,0.0
2025-11-03 13:00:00,269.96,270.15,269.38,269.88,630.0,14,0.0
2025-11-03 14:00:00,269.87,270.63,266.19,267.11,4652.0,11,0.0
2025-11-03 15:00:00,267.15,268.5,266.1,267.35,4112.0,10,0.0
2025-11-03 16:00:00,267.36,267.82,266.35,267.68,2869.0,10,0.0
2025-11-03 17:00:00,267.68,267.98,267.12,267.27,1929.0,10,0.0
2025-11-03 18:00:00,267.29,268.44,267.1,267.95,1863.0,10,0.0
2025-11-03 19:00:00,267.97,268.1,266.76,267.04,1994.0,10,0.0
2025-11-03 20:00:00,267.03,267.92,266.8,267.92,1627.0,9,0.0
2025-11-04 11:00:00,267.08,267.19,266.82,266.94,188.0,14,0.0
2025-11-04 12:00:00,266.92,267.23,266.35,267.08,393.0,14,0.0
2025-11-04 13:00:00,267.06,267.06,266.35,266.53,537.0,14,0.0
2025-11-04 14:00:00,266.57,269.38,266.21,268.13,5108.0,11,0.0
2025-11-04 15:00:00,268.15,268.84,267.53,268.08,3325.0,10,0.0
2025-11-04 16:00:00,268.09,271.29,268.09,270.36,3561.0,10,0.0
2025-11-04 17:00:00,270.38,270.7,268.81,270.58,2520.0,10,0.0
2025-11-04 18:00:00,270.57,270.65,269.89,270.3,2446.0,10,0.0
2025-11-04 19:00:00,270.31,270.61,269.69,270.22,2542.0,10,0.0
2025-11-04 20:00:00,270.22,270.3,269.08,269.88,2079.0,10,0.0
2025-11-05 11:00:00,268.49,269.57,268.37,269.52,191.0,14,0.0
2025-11-05 12:00:00,269.52,270.02,269.49,269.57,254.0,14,0.0
2025-11-05 13:00:00,269.59,270.45,269.58,269.95,529.0,14,0.0
2025-11-05 14:00:00,269.96,269.96,266.7,269.02,3823.0,11,0.0
2025-11-05 15:00:00,268.94,269.48,268.34,269.16,3408.0,10,0.0
2025-11-05 16:00:00,269.17,270.24,268.73,269.76,2669.0,10,0.0
2025-11-05 17:00:00,269.76,270.57,269.29,270.32,1832.0,10,0.0
2025-11-05 18:00:00,270.32,270.45,269.6,269.84,1627.0,9,0.0
2025-11-05 19:00:00,269.83,271.41,269.44,269.44,2818.0,10,0.0
2025-11-05 20:00:00,269.44,269.77,268.82,268.98,1442.0,9,0.0
2025-11-06 11:00:00,269.06,269.41,268.93,269.14,143.0,14,0.0
2025-11-06 12:00:00,269.14,269.28,268.78,269.08,754.0,14,0.0
2025-11-06 13:00:00,269.08,270.15,269.08,269.5,483.0,14,0.0
2025-11-06 14:00:00,269.46,269.74,267.66,269.7,3656.0,10,0.0
2025-11-06 15:00:00,269.68,273.12,268.84,272.0,6124.0,11,0.0
2025-11-06 16:00:00,272.02,272.37,270.29,270.31,4443.0,10,0.0
2025-11-06 17:00:00,270.33,272.31,270.14,272.02,3078.0,10,0.0
2025-11-06 18:00:00,272.03,272.21,270.67,271.14,2568.0,10,0.0
2025-11-06 19:00:00,271.15,271.93,270.48,270.97,2284.0,10,0.0
2025-11-06 20:00:00,270.98,271.41,270.8,270.86,1849.0,9,0.0
2025-11-07 11:00:00,268.99,269.34,268.33,269.19,247.0,14,0.0
2025-11-07 12:00:00,269.28,269.61,268.42,268.68,272.0,14,0.0
2025-11-07 13:00:00,268.67,269.4,268.54,269.28,567.0,14,0.0
2025-11-07 14:00:00,269.26,270.15,266.97,269.58,5055.0,11,0.0
2025-11-07 15:00:00,269.6,271.96,269.56,270.37,6199.0,10,0.0
2025-11-07 16:00:00,270.35,270.9,268.27,268.58,4309.0,10,0.0
2025-11-07 17:00:00,268.57,269.15,267.98,268.5,3388.0,10,0.0
2025-11-07 18:00:00,268.49,268.73,267.33,267.8,2626.0,10,0.0
2025-11-07 19:00:00,267.81,268.17,266.8,267.31,2911.0,10,0.0
2025-11-07 20:00:00,267.31,268.14,266.49,268.14,2642.0,10,0.0
2025-11-10 11:00:00,269.45,269.71,269.31,269.68,256.0,14,0.0
2025-11-10 12:00:00,269.64,269.85,269.6,269.71,222.0,14,0.0
2025-11-10 13:00:00,269.72,270.14,269.66,269.93,413.0,14,0.0
2025-11-10 14:00:00,269.97,273.66,268.84,273.21,4450.0,11,0.0
2025-11-10 15:00:00,273.22,273.22,270.54,270.7,4034.0,10,0.0
2025-11-10 16:00:00,270.69,270.74,268.44,269.27,3226.0,10,0.0
2025-11-10 17:00:00,269.25,269.71,268.95,269.51,2109.0,10,0.0
2025-11-10 18:00:00,269.51,270.17,269.46,269.95,1605.0,9,0.0
2025-11-10 19:00:00,269.95,270.25,267.4,269.48,2853.0,9,0.0
2025-11-10 20:00:00,269.47,269.59,268.76,268.96,1441.0,9,0.0
2025-11-11 11:00:00,269.18,269.77,269.09,269.51,155.0,14,0.0
2025-11-11 12:00:00,269.53,269.79,269.47,269.7,205.0,14,0.0
2025-11-11 13:00:00,269.69,270.35,269.64,269.72,334.0,14,0.0
2025-11-11 14:00:00,269.68,274.29,269.36,273.77,4526.0,11,0.0
2025-11-11 15:00:00,273.79,274.66,272.47,272.91,4277.0,11,0.0
2025-11-11 16:00:00,272.91,273.52,271.73,271.89,2882.0,10,0.0
2025-11-11 17:00:00,271.87,273.84,271.82,273.79,2296.0,10,0.0
2025-11-11 18:00:00,273.79,274.92,273.65,274.41,2366.0,10,0.0
2025-11-11 19:00:00,274.39,275.6,274.13,275.49,1991.0,10,0.0
2025-11-11 20:00:00,275.48,275.71,274.97,275.38,1410.0,10,0.0
2025-11-12 11:00:00,276.19,276.28,275.34,275.41,123.0,14,0.0
2025-11-12 12:00:00,275.46,275.91,275.45,275.7,251.0,14,0.0
2025-11-12 13:00:00,275.7,275.7,274.87,275.08,347.0,14,0.0
2025-11-12 14:00:00,275.03,275.32,271.82,272.1,3370.0,10,0.0
2025-11-12 15:00:00,272.09,274.33,271.96,274.09,3803.0,10,0.0
2025-11-12 16:00:00,274.09,274.8,273.77,274.13,2621.0,10,0.0
2025-11-12 17:00:00,274.15,274.74,273.67,274.5,2051.0,10,0.0
2025-11-12 18:00:00,274.5,275.41,274.45,275.37,1863.0,10,0.0
2025-11-12 19:00:00,275.39,275.67,274.09,274.29,1945.0,10,0.0
2025-11-12 20:00:00,274.27,274.35,273.46,273.89,1527.0,10,0.0
2025-11-13 11:00:00,273.67,274.68,273.17,273.61,274.0,14,0.0
2025-11-13 12:00:00,273.62,274.07,273.46,273.56,238.0,14,0.0
2025-11-13 13:00:00,273.56,273.64,272.76,272.82,359.0,14,0.0
2025-11-13 14:00:00,272.83,276.61,272.46,275.07,4544.0,11,0.0
2025-11-13 15:00:00,275.05,275.09,272.14,272.88,4435.0,10,0.0
2025-11-13 16:00:00,272.82,274.42,272.33,273.69,3941.0,10,0.0
2025-11-13 17:00:00,273.68,273.98,272.43,272.53,3063.0,10,0.0
2025-11-13 18:00:00,272.54,273.77,272.05,273.38,3350.0,10,0.0
2025-11-13 19:00:00,273.38,273.73,272.51,272.95,3054.0,10,0.0
2025-11-13 20:00:00,272.92,273.38,272.5,273.1,2554.0,10,0.0
2025-11-14 11:00:00,272.13,272.21,271.57,272.1,303.0,14,0.0
2025-11-14 12:00:00,272.16,272.9,270.63,271.34,1051.0,14,0.0
2025-11-14 13:00:00,271.35,271.66,270.52,271.26,782.0,14,0.0
2025-11-14 14:00:00,271.29,273.01,269.54,273.0,5714.0,11,0.0
2025-11-14 15:00:00,272.97,274.47,272.11,274.2,5238.0,10,0.0
2025-11-14 16:00:00,274.2,274.8,273.48,274.79,3356.0,10,0.0
2025-11-14 17:00:00,274.77,275.9,274.52,275.07,2924.0,10,0.0
2025-11-14 18:00:00,275.07,275.07,273.81,274.13,3163.0,10,0.0
2025-11-14 19:00:00,274.11,274.36,273.75,273.97,2569.0,10,0.0
2025-11-14 20:00:00,273.97,274.19,272.59,272.87,2098.0,9,0.0
2025-11-17 11:00:00,271.08,271.64,270.3,270.46,217.0,14,0.0
2025-11-17 12:00:00,270.45,270.46,269.28,269.87,418.0,14,0.0
2025-11-17 13:00:00,269.84,269.95,268.87,269.7,671.0,14,0.0
2025-11-17 14:00:00,269.68,270.42,266.93,269.96,4971.0,11,0.0
2025-11-17 15:00:00,269.96,270.25,267.72,267.97,4548.0,10,0.0
2025-11-17 16:00:00,267.94,269.51,266.6,269.47,3340.0,10,0.0
2025-11-17 17:00:00,269.46,269.46,267.83,267.86,2611.0,10,0.0
2025-11-17 18:00:00,267.87,268.29,267.12,267.23,2783.0,10,0.0
2025-11-17 19:00:00,267.23,267.46,265.8,265.82,2970.0,9,0.0
2025-11-17 20:00:00,265.8,266.67,265.69,266.58,2610.0,9,0.0
2025-11-18 11:00:00,269.46,269.47,268.71,269.01,150.0,14,0.0
2025-11-18 12:00:00,268.94,268.94,267.86,268.03,279.0,14,0.0
2025-11-18 13:00:00,268.05,269.06,267.99,268.4,599.0,14,0.0
2025-11-18 14:00:00,268.39,270.65,266.42,266.68,6157.0,10,0.0
2025-11-18 15:00:00,266.66,268.07,265.28,266.5,7406.0,10,0.0
2025-11-18 16:00:00,266.48,268.28,265.98,267.66,5244.0,10,0.0
2025-11-18 17:00:00,267.67,268.72,266.39,268.52,4399.0,10,0.0
2025-11-18 18:00:00,268.54,269.15,267.98,268.22,3927.0,10,0.0
2025-11-18 19:00:00,268.2,268.75,267.64,268.75,3512.0,10,0.0
2025-11-18 20:00:00,268.74,268.88,267.85,267.86,2995.0,9,0.0
2025-11-19 11:00:00,267.4,267.8,267.29,267.5,246.0,14,0.0
2025-11-19 12:00:00,267.38,267.62,267.01,267.05,240.0,14,0.0
2025-11-19 13:00:00,267.06,267.1,266.48,266.63,364.0,14,0.0
2025-11-19 14:00:00,266.61,270.84,264.64,270.84,5439.0,11,0.0
2025-11-19 15:00:00,270.86,272.15,270.01,270.25,5077.0,10,0.0
2025-11-19 16:00:00,270.18,270.53,269.28,270.51,3981.0,10,0.0
2025-11-19 17:00:00,270.49,270.93,269.58,270.79,4202.0,10,0.0
2025-11-19 18:00:00,270.8,271.25,269.9,270.76,3600.0,10,0.0
2025-11-19 19:00:00,270.78,270.89,269.12,269.69,3423.0,10,0.0
2025-11-19 20:00:00,269.67,270.68,269.62,269.73,2820.0,10,0.0
2025-11-20 11:00:00,269.44,269.84,269.2,269.39,118.0,14,0.0
2025-11-20 12:00:00,269.48,270.07,269.27,270.05,220.0,14,0.0
2025-11-20 13:00:00,270.09,270.8,269.04,270.22,1028.0,14,0.0
2025-11-20 14:00:00,270.22,275.36,269.75,274.89,6247.0,11,0.0
2025-11-20 15:00:00,274.91,275.02,273.05,273.51,5148.0,10,0.0
2025-11-20 16:00:00,273.52,273.52,268.92,269.28,6661.0,10,0.0
2025-11-20 17:00:00,269.25,269.86,266.98,267.44,9718.0,10,0.0
2025-11-20 18:00:00,267.43,269.17,266.47,266.92,6097.0,10,0.0
2025-11-20 19:00:00,266.91,267.99,266.32,267.75,5100.0,10,0.0
2025-11-20 20:00:00,267.75,267.82,266.34,266.54,4089.0,9,0.0
2025-11-21 11:00:00,266.13,266.55,265.81,266.06,264.0,14,0.0
2025-11-21 12:00:00,266.0,267.11,265.28,266.03,727.0,14,0.0
2025-11-21 13:00:00,266.04,266.69,265.49,265.5,949.0,14,0.0
2025-11-21 14:00:00,265.45,269.54,264.15,268.24,6338.0,11,0.0
2025-11-21 15:00:00,268.3,271.39,267.79,270.83,9932.0,10,0.0
2025-11-21 16:00:00,270.82,271.06,269.64,270.79,6065.0,10,0.0
2025-11-21 17:00:00,270.8,271.54,270.33,271.19,4589.0,9,0.0
2025-11-21 18:00:00,271.21,273.02,270.16,272.43,4480.0,10,0.0
2025-11-21 19:00:00,272.41,273.26,271.89,272.12,4176.0,10,0.0
2025-11-21 20:00:00,272.1,272.26,270.94,271.41,3208.0,10,0.0
2025-11-24 11:00:00,270.73,271.33,270.41,271.29,233.0,14,0.0
2025-11-24 12:00:00,271.29,272.09,271.07,271.97,268.0,14,0.0
2025-11-24 13:00:00,271.97,272.61,271.74,271.89,388.0,14,0.0
2025-11-24 14:00:00,271.9,275.81,270.71,273.32,5173.0,11,0.0
2025-11-24 15:00:00,273.38,274.2,272.3,273.73,4922.0,10,0.0
2025-11-24 16:00:00,273.75,275.33,273.71,274.95,3268.0,10,0.0
2025-11-24 17:00:00,274.97,275.3,274.67,275.16,2247.0,10,0.0
2025-11-24 18:00:00,275.15,276.46,275.11,275.97,2349.0,10,0.0
2025-11-24 19:00:00,275.98,276.4,275.32,276.04,2214.0,10,0.0
2025-11-24 20:00:00,276.06,276.91,275.89,276.73,1366.0,9,0.0
2025-11-25 11:00:00,275.06,275.17,274.51,274.68,125.0,14,0.0
2025-11-25 12:00:00,274.7,275.16,273.72,274.26,470.0,14,0.0
2025-11-25 13:00:00,274.22,274.78,273.82,274.52,610.0,14,0.0
2025-11-25 14:00:00,274.5,280.3,273.96,279.3,5330.0,11,0.0
2025-11-25 15:00:00,279.28,279.57,277.6,278.78,5180.0,10,0.0
2025-11-25 16:00:00,278.78,278.97,277.46,278.61,2978.0,10,0.0
2025-11-25 17:00:00,278.59,279.32,278.28,278.47,2385.0,10,0.0
2025-11-25 18:00:00,278.47,278.73,278.18,278.25,1782.0,10,0.0
2025-11-25 19:00:00,278.21,278.33,277.47,277.47,1921.0,10,0.0
2025-11-25 20:00:00,277.48,278.01,277.25,277.29,1433.0,9,0.0
2025-11-26 11:00:00,277.9,278.14,277.68,277.97,115.0,14,0.0
2025-11-26 12:00:00,277.95,278.13,277.82,278.08,230.0,14,0.0
2025-11-26 13:00:00,278.08,278.17,277.48,277.62,540.0,14,0.0
2025-11-26 14:00:00,277.54,278.95,276.68,276.97,3604.0,9,0.0
2025-11-26 15:00:00,276.91,278.18,276.59,278.04,3120.0,10,0.0
2025-11-26 16:00:00,278.05,279.48,277.82,279.25,2201.0,10,0.0
2025-11-26 17:00:00,279.26,279.37,278.53,278.84,1880.0,10,0.0
2025-11-26 18:00:00,278.84,279.02,277.94,278.07,1843.0,10,0.0
2025-11-26 19:00:00,278.07,278.39,277.87,278.37,1532.0,10,0.0
2025-11-26 20:00:00,278.38,278.89,277.75,278.14,1315.0,9,0.0
2025-11-28 11:00:00,278.76,278.79,278.51,278.62,46.0,14,0.0
2025-11-28 12:00:00,278.6,278.62,278.3,278.54,128.0,14,0.0
2025-11-28 13:00:00,278.5,278.58,278.24,278.33,224.0,14,0.0
2025-11-28 14:00:00,278.43,278.5,275.98,276.25,2990.0,11,0.0
2025-11-28 15:00:00,276.23,276.86,276.08,276.4,2255.0,11,0.0
2025-11-28 16:00:00,276.41,276.85,275.94,276.62,1665.0,10,0.0
2025-11-28 17:00:00,276.62,278.94,276.38,278.79,2540.0,10,0.0
2025-12-01 11:00:00,277.17,277.53,277.17,277.39,51.0,14,0.0
2025-12-01 12:00:00,277.39,277.42,276.98,277.33,265.0,14,0.0
2025-12-01 13:00:00,277.39,277.78,277.16,277.33,461.0,14,0.0
2025-12-01 14:00:00,277.32,278.68,276.09,277.53,3316.0,11,0.0
2025-12-01 15:00:00,277.51,278.25,276.84,278.02,3042.0,10,0.0
2025-12-01 16:00:00,278.03,279.21,277.62,278.76,2299.0,10,0.0
2025-12-01 17:00:00,278.72,279.88,278.7,279.45,2021.0,10,0.0
2025-12-01 18:00:00,279.45,280.99,279.44,280.87,1869.0,10,0.0
2025-12-01 19:00:00,280.87,281.67,280.67,281.46,2216.0,10,0.0
2025-12-01 20:00:00,281.48,282.4,281.43,282.4,1625.0,10,0.0
2025-12-02 11:00:00,282.27,283.14,282.09,282.84,181.0,14,0.0
2025-12-02 12:00:00,282.84,283.2,282.23,283.0,265.0,14,0.0
2025-12-02 13:00:00,282.96,282.96,282.46,282.57,291.0,14,0.0
2025-12-02 14:00:00,282.57,284.97,282.03,283.33,3945.0,12,0.0
2025-12-02 15:00:00,283.31,286.91,283.22,286.89,4818.0,11,0.0
2025-12-02 16:00:00,286.9,287.33,284.79,285.1,4141.0,10,0.0
2025-12-02 17:00:00,285.12,286.29,284.79,285.11,2067.0,10,0.0
2025-12-02 18:00:00,285.11,285.41,284.89,285.08,2030.0,10,0.0
2025-12-02 19:00:00,285.08,286.59,285.06,286.35,2178.0,10,0.0
2025-12-02 20:00:00,286.36,286.77,286.06,286.38,1599.0,10,0.0
2025-12-03 11:00:00,285.86,286.08,285.79,286.06,70.0,14,0.0
2025-12-03 12:00:00,286.09,286.49,286.09,286.25,157.0,14,0.0
2025-12-03 13:00:00,286.25,286.25,285.71,286.05,285.0,14,0.0
2025-12-03 14:00:00,286.01,288.53,285.59,287.79,4742.0,11,0.0
2025-12-03 15:00:00,287.74,288.17,285.98,285.98,4515.0,10,0.0
2025-12-03 16:00:00,286.0,286.77,285.58,285.79,3016.0,10,0.0
2025-12-03 17:00:00,285.79,286.4,285.46,285.82,1882.0,10,0.0
2025-12-03 18:00:00,285.82,286.04,285.29,285.42,1619.0,10,0.0
2025-12-03 19:00:00,285.41,285.58,284.32,284.71,2099.0,10,0.0
2025-12-03 20:00:00,284.69,284.77,283.85,284.45,1569.0,10,0.0
2025-12-04 11:00:00,283.61,283.86,283.48,283.68,528.0,14,0.0
2025-12-04 12:00:00,283.7,284.11,283.6,283.73,136.0,14,0.0
2025-12-04 13:00:00,283.72,283.85,283.51,283.65,226.0,14,0.0
2025-12-04 14:00:00,283.64,284.62,281.14,281.39,3598.0,11,0.0
2025-12-04 15:00:00,281.38,282.02,280.22,280.71,3539.0,10,0.0
2025-12-04 16:00:00,280.73,280.97,279.77,280.3,2568.0,10,0.0
2025-12-04 17:00:00,280.27,280.68,279.76,280.26,1913.0,10,0.0
2025-12-04 18:00:00,280.26,280.26,279.33,279.33,1638.0,10,0.0
2025-12-04 19:00:00,279.33,280.29,278.55,280.29,2330.0,10,0.0
2025-12-04 20:00:00,280.27,280.67,279.84,280.08,1683.0,10,0.0
2025-12-05 11:00:00,280.0,280.2,279.87,280.12,108.0,14,0.0
2025-12-05 12:00:00,280.09,280.89,279.98,280.56,230.0,14,0.0
2025-12-05 13:00:00,280.58,280.58,279.5,279.99,317.0,14,0.0
2025-12-05 14:00:00,279.99,280.98,279.2,280.1,2992.0,11,0.0
2025-12-05 15:00:00,280.12,281.08,279.65,280.01,2866.0,10,0.0
2025-12-05 16:00:00,280.03,280.27,278.71,278.73,2456.0,10,0.0
2025-12-05 17:00:00,278.71,279.4,278.0,279.34,1966.0,10,0.0
2025-12-05 18:00:00,279.33,279.51,278.54,278.64,1527.0,10,0.0
2025-12-05 19:00:00,278.65,279.39,278.6,278.83,1371.0,10,0.0
2025-12-05 20:00:00,278.83,278.98,278.49,278.88,1096.0,10,0.0
2025-12-08 11:00:00,278.1,278.31,277.81,278.07,163.0,14,0.0
2025-12-08 12:00:00,278.05,278.09,277.81,278.0,159.0,14,0.0
2025-12-08 13:00:00,278.0,278.43,277.76,277.86,243.0,14,0.0
2025-12-08 14:00:00,277.87,279.56,277.4,277.9,2986.0,11,0.0
2025-12-08 15:00:00,277.88,278.45,277.01,277.29,2790.0,11,0.0
2025-12-08 16:00:00,277.28,277.79,276.66,277.44,2584.0,10,0.0
2025-12-08 17:00:00,277.43,277.75,276.82,277.29,1999.0,10,0.0
2025-12-08 18:00:00,277.27,277.79,276.16,276.32,1933.0,10,0.0
2025-12-08 19:00:00,276.3,276.68,276.11,276.26,1576.0,10,0.0
2025-12-08 20:00:00,276.27,277.16,276.26,277.16,1296.0,10,0.0
2025-12-09 11:00:00,277.7,278.29,277.54,278.26,109.0,14,0.0
2025-12-09 12:00:00,278.26,278.4,278.01,278.31,196.0,14,0.0
2025-12-09 13:00:00,278.31,278.76,278.28,278.33,234.0,14,0.0
2025-12-09 14:00:00,278.32,279.95,277.52,278.51,3197.0,11,0.0
2025-12-09 15:00:00,278.5,278.5,277.17,277.77,2744.0,10,0.0
2025-12-09 16:00:00,277.76,277.96,276.99,277.94,1910.0,10,0.0
2025-12-09 17:00:00,277.94,278.53,277.35,278.27,1745.0,10,0.0
2025-12-09 18:00:00,278.29,278.69,278.07,278.61,1394.0,10,0.0
2025-12-09 19:00:00,278.61,278.82,277.72,277.78,1245.0,10,0.0
2025-12-09 20:00:00,277.77,278.07,277.6,277.71,1192.0,10,0.0
2025-12-10 11:00:00,276.47,277.0,276.34,276.84,144.0,14,0.0
2025-12-10 12:00:00,276.86,277.36,276.8,277.36,170.0,14,0.0
2025-12-10 13:00:00,277.34,277.67,277.19,277.39,216.0,14,0.0
2025-12-10 14:00:00,277.42,278.71,276.53,277.82,2568.0,11,0.0
2025-12-10 15:00:00,277.8,277.91,276.54,276.67,2471.0,11,0.0
2025-12-10 16:00:00,276.67,278.83,276.39,278.69,2116.0,10,0.0
2025-12-10 17:00:00,278.7,279.21,278.2,278.61,1685.0,10,0.0
2025-12-10 18:00:00,278.6,278.92,278.0,278.33,1721.0,10,0.0
2025-12-10 19:00:00,278.33,279.54,277.7,279.32,4602.0,10,0.0
2025-12-10 20:00:00,279.32,279.69,278.82,279.05,2554.0,9,0.0
2025-12-11 11:00:00,279.08,279.77,278.89,279.32,157.0,14,0.0
2025-12-11 12:00:00,279.32,280.06,279.11,279.52,349.0,14,0.0
2025-12-11 13:00:00,279.51,279.51,278.98,279.23,346.0,14,0.0
2025-12-11 14:00:00,279.23,279.68,273.77,274.13,3907.0,11,0.0
2025-12-11 15:00:00,274.15,276.49,273.94,275.88,4143.0,10,0.0
2025-12-11 16:00:00,275.88,277.66,275.63,276.67,2940.0,10,0.0
2025-12-11 17:00:00,276.66,278.29,276.62,277.55,2170.0,10,0.0
2025-12-11 18:00:00,277.53,278.17,277.34,277.67,1790.0,10,0.0
2025-12-11 19:00:00,277.66,277.97,277.48,277.59,1687.0,10,0.0
2025-12-11 20:00:00,277.6,278.17,277.57,277.84,1279.0,10,0.0
2025-12-12 11:00:00,278.01,278.09,277.51,277.54,67.0,14,0.0
2025-12-12 12:00:00,277.65,277.8,277.07,277.07,283.0,14,0.0
2025-12-12 13:00:00,277.06,277.66,276.96,277.63,215.0,14,0.0
2025-12-12 14:00:00,277.63,279.14,276.82,278.88,2831.0,11,0.0
2025-12-12 15:00:00,278.86,279.08,277.48,277.8,4454.0,11,0.0
2025-12-12 16:00:00,277.78,278.31,277.24,277.67,4756.0,10,0.0
2025-12-12 17:00:00,277.65,279.13,277.59,278.71,2543.0,10,0.0
2025-12-12 18:00:00,278.72,279.13,278.27,278.3,2444.0,10,0.0
2025-12-12 19:00:00,278.31,278.39,277.68,278.33,2204.0,10,0.0
2025-12-12 20:00:00,278.33,278.76,276.9,277.63,2011.0,9,0.0
2025-12-15 11:00:00,278.83,278.92,278.61,278.77,36.0,14,0.0
2025-12-15 12:00:00,278.67,278.67,278.27,278.58,173.0,14,0.0
2025-12-15 13:00:00,278.56,278.89,278.46,278.84,358.0,14,0.0
2025-12-15 14:00:00,278.91,280.09,274.12,274.75,4871.0,11,0.0
2025-12-15 15:00:00,274.75,275.53,273.57,274.32,5262.0,10,0.0
2025-12-15 16:00:00,274.32,275.64,273.98,274.9,3095.0,10,0.0
2025-12-15 17:00:00,274.9,275.11,274.34,274.64,2680.0,10,0.0
2025-12-15 18:00:00,274.64,274.76,273.4,273.86,2412.0,10,0.0
2025-12-15 19:00:00,273.86,274.11,272.8,273.5,2529.0,10,0.0
2025-12-15 20:00:00,273.5,273.84,273.19,273.62,1728.0,10,0.0
2025-12-16 11:00:00,273.29,273.55,273.29,273.55,33.0,14,0.0
2025-12-16 12:00:00,273.53,273.73,272.98,272.98,130.0,14,0.0
2025-12-16 13:00:00,272.99,273.95,272.98,273.2,331.0,14,0.0
2025-12-16 14:00:00,273.11,273.95,271.75,273.61,3676.0,12,0.0
2025-12-16 15:00:00,273.64,273.87,272.45,273.37,4106.0,11,0.0
2025-12-16 16:00:00,273.37,273.87,272.54,273.86,2991.0,10,0.0
2025-12-16 17:00:00,273.85,274.22,272.07,272.13,2625.0,10,0.0
2025-12-16 18:00:00,272.11,273.86,271.76,273.66,2974.0,10,0.0
2025-12-16 19:00:00,273.63,274.36,272.96,274.08,2738.0,10,0.0
2025-12-16 20:00:00,274.06,275.3,273.98,275.08,1946.0,10,0.0
2025-12-17 11:00:00,274.89,275.07,274.8,274.85,81.0,14,0.0
2025-12-17 12:00:00,274.84,275.09,274.78,274.98,137.0,14,0.0
2025-12-17 13:00:00,274.98,275.25,274.76,275.0,305.0,14,0.0
2025-12-17 14:00:00,274.98,276.09,274.7,275.25,3343.0,11,0.0
2025-12-17 15:00:00,275.27,275.81,274.25,274.56,4100.0,11,0.0
2025-12-17 16:00:00,274.54,275.0,272.26,272.54,3764.0,10,0.0
2025-12-17 17:00:00,272.54,273.58,272.24,273.33,3011.0,10,0.0
2025-12-17 18:00:00,273.33,273.63,272.4,272.94,2439.0,10,0.0
2025-12-17 19:00:00,272.94,274.06,272.76,273.6,2491.0,10,0.0
2025-12-17 20:00:00,273.59,273.91,273.37,273.44,1694.0,10,0.0
2025-12-18 11:00:00,271.4,271.72,271.4,271.59,63.0,14,0.0
2025-12-18 12:00:00,271.67,271.86,271.29,271.4,145.0,14,0.0
2025-12-18 13:00:00,271.31,272.63,271.25,272.25,403.0,14,0.0
2025-12-18 14:00:00,272.27,273.7,266.92,268.71,5970.0,12,0.0
2025-12-18 15:00:00,268.66,272.16,268.35,271.95,4939.0,11,0.0
2025-12-18 16:00:00,271.93,273.1,271.88,272.81,2920.0,10,0.0
2025-12-18 17:00:00,272.81,272.81,269.89,272.33,3644.0,10,0.0
2025-12-18 18:00:00,272.33,272.9,271.57,271.66,2364.0,10,0.0
2025-12-18 19:00:00,271.64,271.84,270.46,270.83,2767.0,10,0.0
2025-12-18 20:00:00,270.83,272.54,270.62,272.5,2371.0,10,0.0
2025-12-19 11:00:00,272.21,272.22,271.64,271.64,74.0,14,0.0
2025-12-19 12:00:00,271.63,271.64,270.55,270.62,254.0,14,0.0
2025-12-19 13:00:00,270.59,271.51,270.56,271.39,257.0,14,0.0
2025-12-19 14:00:00,271.39,272.86,270.81,271.67,3651.0,11,0.0
2025-12-19 15:00:00,271.67,272.76,270.9,271.16,3783.0,10,0.0
2025-12-19 16:00:00,271.17,271.89,270.79,270.94,2602.0,10,0.0
2025-12-19 17:00:00,270.94,271.58,270.22,271.41,2428.0,10,0.0
2025-12-19 18:00:00,271.41,271.75,270.35,270.8,2140.0,10,0.0
2025-12-19 19:00:00,270.79,271.69,270.52,271.43,1734.0,10,0.0
2025-12-19 20:00:00,271.42,271.5,270.13,270.54,2014.0,10,0.0
2025-12-22 11:00:00,273.68,273.69,273.51,273.53,57.0,14,0.0
2025-12-22 12:00:00,273.51,273.72,273.02,273.15,267.0,14,0.0
2025-12-22 13:00:00,273.12,273.81,273.0,273.25,410.0,14,0.0
2025-12-22 14:00:00,273.25,273.78,272.02,272.43,3380.0,11,0.0
2025-12-22 15:00:00,272.44,272.66,271.46,272.26,3000.0,10,0.0
2025-12-22 16:00:00,272.28,272.74,271.89,272.15,1784.0,10,0.0
2025-12-22 17:00:00,272.17,272.24,271.36,271.45,1496.0,10,0.0
2025-12-22 18:00:00,271.44,271.45,270.47,270.71,1532.0,10,0.0
2025-12-22 19:00:00,270.72,271.01,270.6,270.88,1282.0,10,0.0
2025-12-22 20:00:00,270.88,271.06,270.46,270.58,1054.0,9,0.0
2025-12-23 11:00:00,270.85,271.19,270.76,271.12,104.0,14,0.0
2025-12-23 12:00:00,271.12,271.12,270.74,270.94,149.0,14,0.0
2025-12-23 13:00:00,270.94,271.2,270.87,271.1,269.0,14,0.0
2025-12-23 14:00:00,271.11,271.86,269.49,271.18,3079.0,11,0.0
2025-12-23 15:00:00,271.16,271.55,270.53,271.41,2739.0,10,0.0
2025-12-23 16:00:00,271.4,272.27,271.38,272.1,1630.0,10,0.0
2025-12-23 17:00:00,272.1,272.17,271.07,271.56,1257.0,10,0.0
2025-12-23 18:00:00,271.56,272.08,271.45,271.65,963.0,10,0.0
2025-12-23 19:00:00,271.65,272.39,271.44,272.03,1121.0,10,0.0
2025-12-23 20:00:00,272.03,272.12,271.8,271.89,810.0,10,0.0
2025-12-24 11:00:00,271.66,272.02,271.65,271.98,42.0,14,0.0
2025-12-24 12:00:00,271.93,272.03,271.78,271.99,135.0,14,0.0
2025-12-24 13:00:00,272.01,272.26,271.86,272.23,117.0,14,0.0
2025-12-24 14:00:00,272.19,274.66,271.95,274.13,2557.0,11,0.0
2025-12-24 15:00:00,274.13,274.5,273.67,274.5,2001.0,10,0.0
2025-12-24 16:00:00,274.51,275.29,274.44,275.1,1457.0,10,0.0
2025-12-24 17:00:00,275.11,275.38,273.53,273.79,1877.0,10,0.0
2025-12-26 11:00:00,273.78,273.8,273.6,273.67,27.0,14,0.0
2025-12-26 12:00:00,273.66,274.09,273.49,273.88,126.0,14,0.0
2025-12-26 13:00:00,273.88,274.13,273.75,273.87,174.0,14,0.0
2025-12-26 14:00:00,273.87,275.3,273.39,274.41,2664.0,11,0.0
2025-12-26 15:00:00,274.41,274.9,274.07,274.67,1958.0,10,0.0
2025-12-26 16:00:00,274.66,274.93,274.33,274.54,1121.0,10,0.0
2025-12-26 17:00:00,274.54,274.7,274.18,274.44,838.0,10,0.0
2025-12-26 18:00:00,274.45,274.93,274.35,274.68,774.0,10,0.0
2025-12-26 19:00:00,274.68,274.78,274.42,274.45,664.0,10,0.0
2025-12-26 20:00:00,274.45,274.49,273.56,273.68,975.0,10,0.0
2025-12-29 11:00:00,272.26,272.7,272.26,272.62,60.0,14,0.0
2025-12-29 12:00:00,272.62,272.86,272.18,272.3,144.0,14,0.0
2025-12-29 13:00:00,272.25,272.52,271.81,272.21,286.0,14,0.0
2025-12-29 14:00:00,272.21,274.3,271.66,273.82,2841.0,11,0.0
2025-12-29 15:00:00,273.8,273.97,272.87,273.21,2261.0,10,0.0
2025-12-29 16:00:00,273.2,273.4,272.78,273.1,1381.0,10,0.0
2025-12-29 17:00:00,273.1,273.23,272.92,273.13,1005.0,9,0.0
2025-12-29 18:00:00,273.13,273.94,273.03,273.86,1028.0,9,0.0
2025-12-29 19:00:00,273.85,273.95,273.4,273.87,964.0,9,0.0
2025-12-29 20:00:00,273.87,273.95,273.49,273.61,805.0,9,0.0
2025-12-30 11:00:00,272.95,273.02,272.64,272.99,92.0,14,0.0
2025-12-30 12:00:00,272.99,273.2,272.99,273.03,101.0,14,0.0
2025-12-30 13:00:00,273.03,273.1,272.82,272.94,214.0,14,0.0
2025-12-30 14:00:00,272.97,273.99,272.44,273.56,2113.0,10,0.0
2025-12-30 15:00:00,273.57,273.62,272.35,272.81,1874.0,10,0.0
2025-12-30 16:00:00,272.78,273.26,272.26,272.35,1308.0,10,0.0
2025-12-30 17:00:00,272.33,272.92,272.23,272.84,898.0,10,0.0
2025-12-30 18:00:00,272.84,273.32,272.69,273.19,886.0,9,0.0
2025-12-30 19:00:00,273.18,273.47,273.05,273.25,967.0,9,0.0
2025-12-30 20:00:00,273.25,273.42,273.02,273.11,721.0,9,0.0
2025-12-31 11:00:00,272.21,272.24,272.21,272.23,5.0,14,0.0
2025-12-31 12:00:00,272.27,272.55,272.25,272.5,107.0,14,0.0
2025-12-31 13:00:00,272.49,272.98,272.44,272.83,162.0,14,0.0
2025-12-31 14:00:00,272.76,273.6,272.14,273.01,2063.0,10,0.0
2025-12-31 15:00:00,273.0,273.06,271.72,271.85,1935.0,10,0.0
2025-12-31 16:00:00,271.86,272.72,271.86,272.72,1466.0,9,0.0
2025-12-31 17:00:00,272.72,272.82,272.26,272.71,999.0,9,0.0
2025-12-31 18:00:00,272.71,273.28,272.51,273.24,1184.0,9,0.0
2025-12-31 19:00:00,273.23,273.37,272.56,272.66,1326.0,9,0.0
2025-12-31 20:00:00,272.68,272.69,271.91,272.65,1362.0,9,0.0
2026-01-02 11:00:00,273.53,273.55,273.15,273.27,69.0,14,0.0
2026-01-02 12:00:00,273.28,273.28,273.05,273.14,131.0,14,0.0
2026-01-02 13:00:00,273.15,273.28,273.05,273.1,193.0,14,0.0
2026-01-02 14:00:00,273.1,277.76,271.9,276.9,4124.0,11,0.0
2026-01-02 15:00:00,276.9,277.68,270.55,270.6,4590.0,10,0.0
2026-01-02 16:00:00,270.58,270.92,269.55,269.61,3808.0,10,0.0
2026-01-02 17:00:00,269.59,270.23,269.06,270.08,2449.0,10,0.0
2026-01-02 18:00:00,270.08,270.43,269.05,269.36,1893.0,10,0.0
2026-01-02 19:00:00,269.36,270.66,269.26,270.32,2150.0,10,0.0
2026-01-02 20:00:00,270.3,270.79,270.17,270.55,1551.0,9,0.0
2026-01-05 11:00:00,270.41,270.48,270.04,270.4,106.0,14,0.0
2026-01-05 12:00:00,270.36,270.65,270.29,270.35,211.0,14,0.0
2026-01-05 13:00:00,270.34,270.65,269.87,270.52,394.0,14,0.0
2026-01-05 14:00:00,270.57,271.41,267.8,269.36,5063.0,10,0.0
2026-01-05 15:00:00,269.39,271.1,268.83,268.97,4727.0,10,0.0
2026-01-05 16:00:00,268.97,269.29,267.94,267.97,2724.0,9,0.0
2026-01-05 17:00:00,267.99,268.23,266.73,267.52,2276.0,9,0.0
2026-01-05 18:00:00,267.52,267.83,266.97,266.97,1964.0,9,0.0
2026-01-05 19:00:00,267.0,267.29,266.11,266.2,1996.0,9,0.0
2026-01-05 20:00:00,266.2,267.44,266.2,267.26,1414.0,9,0.0
2026-01-06 11:00:00,266.52,266.56,266.14,266.4,149.0,14,0.0
2026-01-06 12:00:00,266.4,266.79,266.4,266.76,222.0,14,0.0
2026-01-06 13:00:00,266.8,267.59,266.8,267.06,404.0,14,0.0
2026-01-06 14:00:00,267.05,267.45,262.99,264.4,4756.0,11,0.0
2026-01-06 15:00:00,264.42,265.63,263.74,263.81,3760.0,10,0.0
2026-01-06 16:00:00,263.8,263.8,262.14,262.7,3766.0,10,0.0
2026-01-06 17:00:00,262.7,263.75,262.24,262.82,2065.0,9,0.0
2026-01-06 18:00:00,262.82,263.3,262.44,262.86,1697.0,9,0.0
2026-01-06 19:00:00,262.87,262.99,262.42,262.61,1352.0,9,0.0
2026-01-06 20:00:00,262.61,262.95,262.08,262.91,1415.0,9,0.0
2026-01-07 11:00:00,261.68,261.83,261.59,261.81,76.0,14,0.0
2026-01-07 12:00:00,261.84,261.9,261.54,261.83,212.0,14,0.0
2026-01-07 13:00:00,261.83,262.0,261.74,261.86,318.0,14,0.0
2026-01-07 14:00:00,261.87,263.68,261.19,261.37,4056.0,10,0.0
2026-01-07 15:00:00,261.38,262.37,261.17,261.93,4379.0,10,0.0
2026-01-07 16:00:00,261.95,262.3,260.87,262.13,2398.0,9,0.0
2026-01-07 17:00:00,262.15,262.65,261.94,262.27,1637.0,9,0.0
2026-01-07 18:00:00,262.26,262.26,261.03,261.97,2261.0,9,0.0
2026-01-07 19:00:00,261.99,262.46,261.23,261.8,1765.0,9,0.0
2026-01-07 20:00:00,261.8,261.92,260.55,260.65,1857.0,9,0.0
2026-01-08 11:00:00,258.95,259.15,257.22,257.78,688.0,14,0.0
2026-01-08 12:00:00,257.78,257.88,256.67,257.26,637.0,14,0.0
2026-01-08 13:00:00,257.26,258.09,257.23,257.75,761.0,14,0.0
2026-01-08 14:00:00,257.74,257.87,255.81,256.25,5224.0,9,0.0
2026-01-08 15:00:00,256.23,257.12,255.67,256.63,5223.0,9,0.0
2026-01-08 16:00:00,256.65,258.54,255.93,257.66,4133.0,9,0.0
2026-01-08 17:00:00,257.66,257.81,256.55,257.35,2739.0,9,0.0
2026-01-08 18:00:00,257.35,257.57,256.64,256.9,2048.0,9,0.0
2026-01-08 19:00:00,256.87,257.28,256.28,257.18,2129.0,9,0.0
2026-01-08 20:00:00,257.17,258.81,257.15,258.27,1784.0,9,0.0
2026-01-09 11:00:00,259.22,260.74,259.16,259.34,252.0,14,0.0
2026-01-09 12:00:00,259.31,259.81,258.81,258.94,330.0,14,0.0
2026-01-09 13:00:00,258.94,259.83,258.33,259.5,630.0,14,0.0
2026-01-09 14:00:00,259.52,259.91,256.34,256.86,4575.0,10,0.0
2026-01-09 15:00:00,256.87,258.71,256.17,257.72,5508.0,9,0.0
2026-01-09 16:00:00,257.72,258.55,256.73,257.63,3184.0,9,0.0
2026-01-09 17:00:00,257.63,259.11,257.53,258.73,2370.0,9,0.0
2026-01-09 18:00:00,258.72,259.49,258.21,259.44,2003.0,9,0.0
2026-01-09 19:00:00,259.43,260.16,259.34,259.92,1710.0,9,0.0
2026-01-09 20:00:00,259.91,260.16,259.58,259.74,1274.0,9,0.0
2026-01-12 11:00:00,258.98,259.42,258.9,258.9,169.0,14,0.0
2026-01-12 12:00:00,258.9,259.83,258.75,259.25,399.0,14,0.0
2026-01-12 13:00:00,259.34,259.46,258.49,258.81,708.0,14,0.0
2026-01-12 14:00:00,258.81,260.18,256.77,258.24,4625.0,10,0.0
2026-01-12 15:00:00,258.25,261.22,258.11,259.34,4986.0,10,0.0
2026-01-12 16:00:00,259.35,261.06,259.12,260.94,2707.0,10,0.0
2026-01-12 17:00:00,260.94,261.02,260.19,260.62,1886.0,9,0.0
2026-01-12 18:00:00,260.62,261.24,260.26,260.36,1462.0,9,0.0
2026-01-12 19:00:00,260.36,261.12,260.15,261.08,1553.0,9,0.0
2026-01-12 20:00:00,261.08,261.15,260.55,260.89,1286.0,9,0.0
2026-01-13 11:00:00,259.04,259.32,258.61,259.15,216.0,14,0.0
2026-01-13 12:00:00,259.15,259.35,259.04,259.04,282.0,14,0.0
2026-01-13 13:00:00,259.04,259.91,258.88,259.19,668.0,14,0.0
2026-01-13 14:00:00,259.19,261.74,258.14,259.87,4388.0,10,0.0
2026-01-13 15:00:00,259.86,260.43,259.25,259.88,4247.0,9,0.0
2026-01-13 16:00:00,259.89,260.98,259.57,260.85,2624.0,9,0.0
2026-01-13 17:00:00,260.84,261.38,260.13,260.48,2449.0,9,0.0
2026-01-13 18:00:00,260.46,260.89,259.72,259.91,2358.0,9,0.0
2026-01-13 19:00:00,259.9,260.03,259.1,259.41,2464.0,9,0.0
2026-01-13 20:00:00,259.42,259.49,258.72,259.37,1530.0,9,0.0
2026-01-14 11:00:00,259.68,259.96,259.56,259.6,257.0,14,0.0
2026-01-14 12:00:00,259.66,260.23,259.28,260.04,331.0,14,0.0
2026-01-14 13:00:00,260.02,260.1,259.45,259.92,593.0,14,0.0
2026-01-14 14:00:00,259.93,261.74,259.04,259.13,4657.0,10,0.0
2026-01-14 15:00:00,259.15,260.89,257.82,258.02,5567.0,9,0.0
2026-01-14 16:00:00,258.03,258.9,257.21,257.69,3292.0,9,0.0
2026-01-14 17:00:00,257.68,258.0,256.72,257.21,2586.0,9,0.0
2026-01-14 18:00:00,257.19,258.05,256.87,257.96,2387.0,9,0.0
2026-01-14 19:00:00,257.95,258.42,257.47,258.21,2145.0,9,0.0
2026-01-14 20:00:00,258.21,260.54,258.06,260.01,2635.0,9,0.0
2026-01-15 11:00:00,259.81,260.35,259.52,260.19,153.0,14,0.0
2026-01-15 12:00:00,260.26,260.37,259.89,260.29,222.0,14,0.0
2026-01-15 13:00:00,260.28,260.44,259.98,260.09,515.0,14,0.0
2026-01-15 14:00:00,260.07,260.96,259.62,260.08,3834.0,9,0.0
2026-01-15 15:00:00,260.06,260.74,259.15,259.89,3832.0,9,0.0
2026-01-15 16:00:00,259.9,260.57,259.7,259.93,2340.0,9,0.0
2026-01-15 17:00:00,259.92,260.24,257.95,258.88,2344.0,9,0.0
2026-01-15 18:00:00,258.89,259.7,258.85,259.19,1703.0,9,0.0
2026-01-15 19:00:00,259.17,259.17,257.46,257.56,2652.0,9,0.0
2026-01-15 20:00:00,257.55,257.75,257.01,257.4,2110.0,9,0.0
2026-01-16 11:00:00,257.48,257.58,257.13,257.23,162.0,14,0.0
2026-01-16 12:00:00,257.17,257.5,257.12,257.31,290.0,14,0.0
2026-01-16 13:00:00,257.31,257.53,257.25,257.52,230.0,14,0.0
2026-01-16 14:00:00,257.5,258.83,256.74,256.81,3414.0,9,0.0
2026-01-16 15:00:00,256.82,257.2,256.02,256.53,3564.0,9,0.0
2026-01-16 16:00:00,256.52,256.81,255.91,256.14,2593.0,9,0.0
2026-01-16 17:00:00,256.12,256.5,254.9,255.14,2528.0,9,0.0
2026-01-16 18:00:00,255.12,256.8,255.05,256.5,2079.0,9,0.0
2026-01-16 19:00:00,256.49,257.1,255.87,256.55,2305.0,9,0.0
2026-01-16 20:00:00,256.54,256.8,255.6,255.6,1710.0,9,0.0
2026-01-20 11:00:00,251.34,252.62,251.2,252.21,540.0,14,0.0
2026-01-20 12:00:00,252.21,252.76,251.84,252.31,720.0,14,0.0
2026-01-20 13:00:00,252.31,252.64,251.43,251.74,933.0,14,0.0
2026-01-20 14:00:00,251.66,254.71,251.47,252.48,6443.0,10,0.0
2026-01-20 15:00:00,252.45,252.71,250.82,251.49,5473.0,9,0.0
2026-01-20 16:00:00,251.5,252.07,250.31,251.15,3446.0,9,0.0
2026-01-20 17:00:00,251.13,251.24,250.04,250.22,2701.0,9,0.0
2026-01-20 18:00:00,250.2,250.44,248.2,248.48,2759.0,9,0.0
2026-01-20 19:00:00,248.49,248.63,246.77,246.91,2893.0,9,0.0
2026-01-20 20:00:00,246.89,247.17,244.24,244.45,3394.0,9,0.0
2026-01-21 11:00:00,246.01,246.05,244.81,245.01,506.0,14,0.0
2026-01-21 12:00:00,245.1,246.62,244.74,246.59,638.0,14,0.0
2026-01-21 13:00:00,246.62,247.24,246.17,246.88,556.0,14,0.0
2026-01-21 14:00:00,246.83,248.68,245.99,246.88,5472.0,9,0.0
2026-01-21 15:00:00,246.86,248.66,246.25,248.09,5436.0,9,0.0
2026-01-21 16:00:00,248.11,248.22,245.67,245.74,3952.0,9,0.0
2026-01-21 17:00:00,245.74,246.42,245.14,246.2,3540.0,9,0.0
2026-01-21 18:00:00,246.19,246.37,245.47,246.08,2849.0,8,0.0
2026-01-21 19:00:00,246.08,250.93,245.48,250.7,7101.0,6,0.0
2026-01-21 20:00:00,250.69,251.5,247.54,248.12,4694.0,9,0.0
2026-01-22 11:00:00,250.13,250.47,249.33,249.39,406.0,14,0.0
2026-01-22 12:00:00,249.35,249.38,248.78,248.95,386.0,14,0.0
2026-01-22 13:00:00,248.95,249.53,248.71,249.45,473.0,14,0.0
2026-01-22 14:00:00,249.38,250.7,248.35,249.79,4576.0,10,0.0
2026-01-22 15:00:00,249.83,250.24,248.96,249.04,4254.0,9,0.0
2026-01-22 16:00:00,249.04,249.95,249.01,249.55,2585.0,9,0.0
2026-01-22 17:00:00,249.55,250.46,249.39,250.08,1977.0,9,0.0
2026-01-22 18:00:00,250.06,250.76,249.68,250.17,2062.0,9,0.0
2026-01-22 19:00:00,250.17,250.94,248.72,248.82,2226.0,9,0.0
2026-01-22 20:00:00,248.82,249.16,248.22,248.54,2050.0,9,0.0
2026-01-23 11:00:00,248.44,248.5,247.59,247.76,412.0,14,0.0
2026-01-23 12:00:00,247.77,248.3,247.77,248.14,288.0,14,0.0
2026-01-23 13:00:00,248.18,248.2,247.56,247.58,324.0,14,0.0
2026-01-23 14:00:00,247.61,248.32,244.63,245.88,4553.0,9,0.0
2026-01-23 15:00:00,245.86,249.25,245.67,248.93,4040.0,9,0.0
2026-01-23 16:00:00,248.95,249.35,247.84,248.19,2733.0,9,0.0
2026-01-23 17:00:00,248.19,248.76,247.57,247.75,2543.0,9,0.0
2026-01-23 18:00:00,247.73,248.1,246.93,247.49,2390.0,9,0.0
2026-01-23 19:00:00,247.49,248.19,247.19,248.12,2081.0,9,0.0
2026-01-23 20:00:00,248.12,248.68,247.91,248.68,1496.0,9,0.0
2026-01-26 11:00:00,248.71,250.13,248.5,249.81,457.0,14,0.0
2026-01-26 12:00:00,249.8,251.24,249.57,250.88,610.0,14,0.0
2026-01-26 13:00:00,250.9,251.88,250.87,251.32,916.0,14,0.0
2026-01-26 14:00:00,251.33,253.72,249.76,252.76,5468.0,10,0.0
2026-01-26 15:00:00,252.73,255.44,252.58,254.75,5256.0,9,0.0
2026-01-26 16:00:00,254.76,255.27,254.19,254.81,3525.0,9,0.0
2026-01-26 17:00:00,254.83,255.38,254.05,254.29,2266.0,9,0.0
2026-01-26 18:00:00,254.29,255.29,254.04,255.06,2310.0,9,0.0
2026-01-26 19:00:00,255.06,256.5,255.04,256.05,2352.0,9,0.0
2026-01-26 20:00:00,256.07,256.31,255.41,255.47,1612.0,9,0.0
2026-01-27 11:00:00,257.09,258.57,256.87,258.42,467.0,14,0.0
2026-01-27 12:00:00,258.34,258.92,258.32,258.9,471.0,14,0.0
2026-01-27 13:00:00,258.89,259.72,258.8,259.17,685.0,14,0.0
2026-01-27 14:00:00,259.18,261.9,258.6,261.41,5172.0,9,0.0
2026-01-27 15:00:00,261.39,261.51,259.47,260.3,4160.0,9,0.0
2026-01-27 16:00:00,260.31,261.34,260.31,260.73,2388.0,9,0.0
2026-01-27 17:00:00,260.72,261.3,260.58,260.67,1797.0,9,0.0
2026-01-27 18:00:00,260.67,261.08,259.49,259.78,1925.0,9,0.0
2026-01-27 19:00:00,259.78,259.98,259.13,259.69,1537.0,9,0.0
2026-01-27 20:00:00,259.67,259.91,259.11,259.3,1334.0,10,0.0
2026-01-28 11:00:00,258.34,258.58,258.1,258.37,204.0,14,0.0
2026-01-28 12:00:00,258.43,258.52,257.05,257.27,623.0,14,0.0
2026-01-28 13:00:00,257.28,257.62,255.8,255.88,706.0,14,0.0
2026-01-28 14:00:00,255.9,258.76,255.68,256.09,4046.0,10,0.0
2026-01-28 15:00:00,256.07,256.99,255.16,255.79,3241.0,10,0.0
2026-01-28 16:00:00,255.79,256.17,254.69,255.29,2315.0,9,0.0
2026-01-28 17:00:00,255.29,255.37,254.46,254.77,1962.0,10,0.0
2026-01-28 18:00:00,254.78,255.83,254.48,255.61,1617.0,9,0.0
2026-01-28 19:00:00,255.62,256.32,254.74,256.24,3470.0,9,0.0
2026-01-28 20:00:00,256.22,256.59,255.94,256.49,1698.0,9,0.0
2026-01-29 11:00:00,257.99,258.17,257.5,257.78,286.0,14,0.0
2026-01-29 12:00:00,257.78,258.68,257.28,257.79,777.0,14,0.0
2026-01-29 13:00:00,257.72,257.98,257.49,257.7,513.0,14,0.0
2026-01-29 14:00:00,257.7,259.53,256.02,256.73,4798.0,10,0.0
2026-01-29 15:00:00,256.75,257.63,254.37,255.38,7089.0,10,0.0
2026-01-29 16:00:00,255.41,256.36,254.85,255.35,5039.0,9,0.0
2026-01-29 17:00:00,255.35,257.62,255.3,256.88,3875.0,9,0.0
2026-01-29 18:00:00,256.89,257.98,256.6,257.29,3093.0,9,0.0
2026-01-29 19:00:00,257.28,258.33,257.17,257.87,2545.0,9,0.0
2026-01-29 20:00:00,257.88,258.51,257.79,258.41,2086.0,9,0.0
2026-01-30 11:00:00,256.25,257.36,256.24,257.26,939.0,14,0.0
2026-01-30 12:00:00,257.3,257.5,255.52,255.79,1331.0,14,0.0
2026-01-30 13:00:00,255.79,258.57,255.79,257.99,1542.0,14,0.0
2026-01-30 14:00:00,257.95,259.53,252.07,256.13,9986.0,11,0.0
2026-01-30 15:00:00,256.1,258.54,253.55,254.79,9806.0,10,0.0
2026-01-30 16:00:00,254.77,256.98,254.62,255.96,5847.0,10,0.0
2026-01-30 17:00:00,255.95,256.0,254.15,254.71,5194.0,9,0.0
2026-01-30 18:00:00,254.71,257.45,254.43,257.22,4919.0,9,0.0
2026-01-30 19:00:00,257.23,258.78,257.18,258.12,4234.0,9,0.0
2026-01-30 20:00:00,258.14,260.88,257.42,260.83,3569.0,9,0.0
2026-02-02 11:00:00,257.98,258.88,257.88,258.67,337.0,14,0.0
2026-02-02 12:00:00,258.67,258.84,256.72,256.72,525.0,14,0.0
2026-02-02 13:00:00,256.74,257.39,256.22,257.23,662.0,14,0.0
2026-02-02 14:00:00,257.22,263.77,256.85,263.15,8103.0,11,0.0
2026-02-02 15:00:00,263.1,265.2,262.15,262.57,7263.0,10,0.0
2026-02-02 16:00:00,262.52,264.57,262.36,264.29,3672.0,10,0.0
2026-02-02 17:00:00,264.3,264.68,263.62,264.02,2506.0,9,0.0
2026-02-02 18:00:00,264.03,266.56,264.03,266.53,2348.0,9,0.0
2026-02-02 19:00:00,266.53,268.11,266.38,267.84,3137.0,10,0.0
2026-02-02 20:00:00,267.83,269.54,267.68,269.26,3835.0,10,0.0
2026-02-03 11:00:00,267.52,267.7,267.12,267.47,293.0,14,0.0
2026-02-03 12:00:00,267.52,268.32,267.52,268.21,446.0,14,0.0
2026-02-03 13:00:00,268.22,268.66,268.07,268.23,520.0,14,0.0
2026-02-03 14:00:00,268.24,271.39,267.5,270.18,6699.0,11,0.0
2026-02-03 15:00:00,270.15,270.93,267.43,270.87,7962.0,10,0.0
2026-02-03 16:00:00,270.89,271.09,268.36,268.76,5647.0,10,0.0
2026-02-03 17:00:00,268.75,269.79,268.1,269.41,5434.0,10,0.0
2026-02-03 18:00:00,269.42,270.37,268.66,270.06,4416.0,10,0.0
2026-02-03 19:00:00,270.04,271.67,269.73,269.81,5253.0,10,0.0
2026-02-03 20:00:00,269.79,270.03,268.47,269.23,3916.0,10,0.0
2026-02-04 11:00:00,269.99,270.52,269.91,270.38,273.0,14,0.0
2026-02-04 12:00:00,270.42,270.64,269.73,270.03,375.0,14,0.0
2026-02-04 13:00:00,270.03,270.63,269.59,270.45,387.0,14,0.0
2026-02-04 14:00:00,270.45,278.57,270.16,277.28,8756.0,11,0.0
2026-02-04 15:00:00,277.23,277.32,274.34,276.88,11061.0,10,0.0
2026-02-04 16:00:00,276.87,277.07,273.68,274.74,6891.0,10,0.0
2026-02-04 17:00:00,274.74,276.38,273.47,273.87,8115.0,10,0.0
2026-02-04 18:00:00,273.86,275.53,272.93,275.15,5549.0,10,0.0
2026-02-04 19:00:00,275.15,275.54,274.11,274.92,5652.0,9,0.0
2026-02-04 20:00:00,274.92,277.86,274.61,276.72,4024.0,10,0.0
2026-02-05 11:00:00,273.59,275.65,273.44,275.41,588.0,14,0.0
2026-02-05 12:00:00,275.36,276.65,274.7,276.08,1700.0,14,0.0
2026-02-05 13:00:00,276.17,276.78,275.1,275.65,1105.0,14,0.0
2026-02-05 14:00:00,275.65,279.18,273.02,274.07,8964.0,11,0.0
2026-02-05 15:00:00,274.09,277.11,273.37,274.18,10208.0,11,0.0
2026-02-05 16:00:00,274.19,275.96,273.03,274.95,7214.0,10,0.0
2026-02-05 17:00:00,274.93,274.98,273.27,274.34,4997.0,10,0.0
2026-02-05 18:00:00,274.33,274.73,273.67,274.71,4214.0,10,0.0
2026-02-05 19:00:00,274.73,277.3,274.67,276.46,4758.0,10,0.0
2026-02-05 20:00:00,276.45,277.46,275.11,275.2,3677.0,10,0.0
2026-02-06 11:00:00,273.21,274.21,273.21,274.16,464.0,14,0.0
2026-02-06 12:00:00,274.11,274.81,274.05,274.46,462.0,14,0.0
2026-02-06 13:00:00,274.51,275.9,274.25,275.78,722.0,14,0.0
2026-02-06 14:00:00,275.78,280.4,275.42,280.19,7806.0,11,0.0
2026-02-06 15:00:00,280.24,280.59,278.05,278.51,8718.0,10,0.0
2026-02-06 16:00:00,278.5,279.47,278.2,278.78,5127.0,10,0.0
2026-02-06 17:00:00,278.76,279.16,277.6,277.99,3751.0,10,0.0
2026-02-06 18:00:00,277.99,278.38,276.62,277.19,3141.0,10,0.0
2026-02-06 19:00:00,277.17,278.33,276.69,278.26,2840.0,10,0.0
2026-02-06 20:00:00,278.25,278.44,277.25,277.78,2657.0,10,0.0
2026-02-09 11:00:00,276.96,277.03,276.61,276.73,177.0,14,0.0
2026-02-09 12:00:00,276.74,278.16,276.65,278.13,352.0,14,0.0
2026-02-09 13:00:00,278.18,278.38,277.38,277.51,400.0,14,0.0
2026-02-09 14:00:00,277.51,278.07,273.14,273.94,6842.0,11,0.0
2026-02-09 15:00:00,273.91,274.2,272.73,273.2,5608.0,10,0.0
2026-02-09 16:00:00,273.2,273.74,272.71,272.75,3269.0,10,0.0
2026-02-09 17:00:00,272.76,273.05,271.65,271.92,3197.0,10,0.0
2026-02-09 18:00:00,271.91,273.15,271.74,272.85,2521.0,10,0.0
2026-02-09 19:00:00,272.86,273.67,272.79,272.91,2114.0,10,0.0
2026-02-09 20:00:00,272.91,274.19,272.91,273.83,2194.0,10,0.0
2026-02-10 11:00:00,273.59,273.6,273.22,273.3,109.0,14,0.0
2026-02-10 12:00:00,273.37,273.58,272.98,273.09,307.0,14,0.0
2026-02-10 13:00:00,273.04,273.77,273.0,273.63,336.0,14,0.0
2026-02-10 14:00:00,273.67,275.26,273.17,274.72,4595.0,11,0.0
2026-02-10 15:00:00,274.69,275.31,273.81,274.11,4418.0,10,0.0
2026-02-10 16:00:00,274.1,274.55,273.05,273.25,2812.0,10,0.0
2026-02-10 17:00:00,273.25,274.06,272.9,274.05,2262.0,10,0.0
2026-02-10 18:00:00,274.05,274.22,273.36,273.88,2607.0,9,0.0
2026-02-10 19:00:00,273.9,274.06,273.47,273.95,1946.0,9,0.0
2026-02-10 20:00:00,273.96,274.34,273.68,274.18,1595.0,10,0.0
2026-02-11 11:00:00,273.26,273.63,272.96,273.13,179.0,14,0.0
2026-02-11 12:00:00,273.1,273.8,273.1,273.51,246.0,14,0.0
2026-02-11 13:00:00,273.36,274.53,273.36,274.2,531.0,14,0.0
2026-02-11 14:00:00,274.11,277.37,273.89,276.33,5771.0,11,0.0
2026-02-11 15:00:00,276.31,279.84,275.72,279.7,8029.0,10,0.0
2026-02-11 16:00:00,279.69,279.93,278.09,278.3,4564.0,10,0.0
2026-02-11 17:00:00,278.28,280.12,278.13,279.37,3509.0,10,0.0
2026-02-11 18:00:00,279.35,279.64,278.44,278.84,2833.0,10,0.0
2026-02-11 19:00:00,278.84,279.61,274.77,276.52,6703.0,10,0.0
2026-02-11 20:00:00,276.53,277.2,274.98,276.23,3708.0,10,0.0
2026-02-12 11:00:00,274.72,274.8,273.77,274.58,220.0,14,0.0
2026-02-12 12:00:00,274.58,274.84,274.03,274.2,413.0,14,0.0
2026-02-12 13:00:00,274.2,274.39,273.39,274.38,737.0,14,0.0
2026-02-12 14:00:00,274.41,275.62,271.51,272.1,6485.0,11,0.0
2026-02-12 15:00:00,272.13,272.15,268.09,268.13,8388.0,10,0.0
2026-02-12 16:00:00,268.11,268.17,264.56,265.38,8783.0,10,0.0
2026-02-12 17:00:00,265.36,265.8,261.48,261.72,5358.0,9,0.0
2026-02-12 18:00:00,261.72,262.91,260.13,261.68,6385.0,10,0.0
2026-02-12 19:00:00,261.68,262.6,261.24,262.0,4907.0,10,0.0
2026-02-12 20:00:00,262.03,262.44,260.65,260.68,3254.0,10,0.0
2026-02-13 11:00:00,261.52,261.62,260.73,261.45,471.0,14,0.0
2026-02-13 12:00:00,261.48,261.93,260.7,261.05,521.0,14,0.0
2026-02-13 13:00:00,261.03,264.08,260.09,263.33,1373.0,14,0.0
2026-02-13 14:00:00,263.33,263.63,258.76,259.29,8241.0,11,0.0
2026-02-13 15:00:00,259.25,261.43,258.32,259.35,6976.0,10,0.0
2026-02-13 16:00:00,259.38,259.72,258.58,259.11,4636.0,9,0.0
2026-02-13 17:00:00,259.13,260.22,258.85,259.0,3432.0,9,0.0
2026-02-13 18:00:00,259.0,259.43,258.54,258.64,2857.0,9,0.0
2026-02-13 19:00:00,258.66,258.95,257.91,258.06,2847.0,9,0.0
2026-02-13 20:00:00,258.06,258.45,255.42,255.83,3581.0,9,0.0
2026-02-17 11:00:00,254.77,255.29,254.52,255.28,131.0,14,0.0
2026-02-17 12:00:00,255.25,255.5,254.76,254.85,390.0,14,0.0
2026-02-17 13:00:00,254.83,256.75,254.62,255.98,796.0,14,0.0
2026-02-17 14:00:00,255.98,259.64,255.5,258.56,7539.0,10,0.0
2026-02-17 15:00:00,258.52,261.33,258.4,259.08,8703.0,9,0.0
2026-02-17 16:00:00,259.09,261.67,258.7,261.4,5733.0,9,0.0
2026-02-17 17:00:00,261.4,262.62,260.87,262.26,5597.0,9,0.0
2026-02-17 18:00:00,262.26,266.06,262.02,265.77,5046.0,9,0.0
2026-02-17 19:00:00,265.75,266.22,264.95,265.14,4177.0,10,0.0
2026-02-17 20:00:00,265.16,265.46,263.56,264.24,2599.0,9,0.0
2026-02-18 11:00:00,264.96,265.18,264.67,264.9,161.0,14,0.0
2026-02-18 12:00:00,264.9,265.05,263.72,264.08,407.0,14,0.0
2026-02-18 13:00:00,264.03,264.55,263.17,263.41,488.0,14,0.0
2026-02-18 14:00:00,263.36,264.82,262.4,264.17,5915.0,11,0.0
2026-02-18 15:00:00,264.15,265.89,263.7,265.11,5242.0,10,0.0
2026-02-18 16:00:00,265.11,266.75,265.06,265.14,3102.0,9,0.0
2026-02-18 17:00:00,265.15,265.94,264.96,265.21,2375.0,9,0.0
2026-02-18 18:00:00,265.2,265.91,264.69,265.02,2478.0,9,0.0
2026-02-18 19:00:00,265.04,265.06,263.53,263.74,2776.0,9,0.0
2026-02-18 20:00:00,263.72,264.17,263.17,264.12,1980.0,9,0.0
2026-02-19 11:00:00,262.64,263.0,262.49,262.63,149.0,14,0.0
2026-02-19 12:00:00,262.72,263.15,262.39,262.72,386.0,14,0.0
2026-02-19 13:00:00,262.76,263.03,262.24,262.8,528.0,14,0.0
2026-02-19 14:00:00,262.83,264.28,262.05,263.76,4112.0,11,0.0
2026-02-19 15:00:00,263.3,264.07,262.74,263.77,4399.0,10,0.0
2026-02-19 16:00:00,263.77,264.42,262.93,263.09,3587.0,10,0.0
2026-02-19 17:00:00,263.11,263.47,261.94,262.03,2785.0,9,0.0
2026-02-19 18:00:00,262.05,262.31,261.37,262.3,2578.0,9,0.0
2026-02-19 19:00:00,262.28,262.28,260.22,260.36,2455.0,9,0.0
2026-02-19 20:00:00,260.35,261.1,260.01,260.35,1922.0,10,0.0
2026-02-20 11:00:00,260.62,260.63,259.67,259.82,414.0,14,0.0
2026-02-20 12:00:00,259.98,260.05,259.27,259.8,397.0,14,0.0
2026-02-20 13:00:00,259.82,259.89,258.74,259.22,686.0,14,0.0
2026-02-20 14:00:00,259.16,260.15,258.12,259.6,4424.0,10,0.0
2026-02-20 15:00:00,259.65,263.11,259.49,262.49,9362.0,10,0.0
2026-02-20 16:00:00,262.5,264.68,261.17,264.25,5321.0,10,0.0
2026-02-20 17:00:00,264.26,264.5,261.5,263.05,5971.0,9,0.0
2026-02-20 18:00:00,263.05,264.65,262.98,264.19,6440.0,10,0.0
2026-02-20 19:00:00,264.21,264.67,263.55,264.14,3040.0,9,0.0
2026-02-20 20:00:00,264.14,264.65,263.05,263.61,2524.0,9,0.0
2026-02-23 11:00:00,263.24,263.48,262.99,263.14,111.0,14,0.0
2026-02-23 12:00:00,263.13,263.55,262.48,262.55,427.0,14,0.0
2026-02-23 13:00:00,262.5,262.85,262.23,262.59,485.0,14,0.0
2026-02-23 14:00:00,262.61,266.76,262.39,264.82,4751.0,11,0.0
2026-02-23 15:00:00,264.85,267.66,264.52,266.76,6281.0,10,0.0
2026-02-23 16:00:00,266.77,266.81,264.71,266.01,4382.0,10,0.0
2026-02-23 17:00:00,266.01,268.22,265.93,268.11,3036.0,10,0.0
2026-02-23 18:00:00,268.1,269.38,267.96,268.01,2684.0,10,0.0
2026-02-23 19:00:00,268.03,268.08,266.4,266.58,2799.0,10,0.0
2026-02-23 20:00:00,266.57,267.01,266.24,266.67,1998.0,10,0.0
2026-02-24 11:00:00,266.89,266.91,266.54,266.72,71.0,14,0.0
2026-02-24 12:00:00,266.9,267.59,266.76,267.25,372.0,14,0.0
2026-02-24 13:00:00,267.23,267.79,267.23,267.67,312.0,14,0.0
2026-02-24 14:00:00,267.54,274.82,266.94,274.0,5893.0,12,0.0
2026-02-24 15:00:00,273.98,274.61,272.31,273.87,5226.0,11,0.0
2026-02-24 16:00:00,273.88,274.75,272.39,272.43,3345.0,10,0.0
2026-02-24 17:00:00,272.41,272.8,271.78,272.21,2442.0,10,0.0
2026-02-24 18:00:00,272.23,272.62,271.32,271.9,2059.0,10,0.0
2026-02-24 19:00:00,271.91,272.65,271.69,272.59,2009.0,10,0.0
2026-02-24 20:00:00,272.59,272.61,271.34,272.08,1724.0,10,0.0
2026-02-25 11:00:00,271.51,271.62,271.27,271.59,112.0,14,0.0
2026-02-25 12:00:00,271.62,271.75,271.1,271.16,309.0,14,0.0
2026-02-25 13:00:00,271.18,271.37,270.42,270.59,380.0,14,0.0
2026-02-25 14:00:00,270.65,273.95,270.47,273.88,4520.0,11,0.0
2026-02-25 15:00:00,273.88,274.0,272.3,273.5,4061.0,10,0.0
2026-02-25 16:00:00,273.48,274.53,272.92,273.36,3068.0,10,0.0
2026-02-25 17:00:00,273.39,274.37,273.16,274.17,2107.0,10,0.0
2026-02-25 18:00:00,274.17,274.69,273.92,274.57,1708.0,10,0.0
2026-02-25 19:00:00,274.55,274.88,273.2,273.23,1752.0,10,0.0
2026-02-25 20:00:00,273.23,274.15,273.17,273.92,1609.0,10,0.0
2026-02-26 11:00:00,274.04,274.04,273.72,273.87,103.0,14,0.0
2026-02-26 12:00:00,273.97,274.37,273.92,274.14,187.0,14,0.0
2026-02-26 13:00:00,274.05,274.54,274.04,274.44,281.0,14,0.0
2026-02-26 14:00:00,274.46,276.05,273.18,273.81,5011.0,11,0.0
2026-02-26 15:00:00,273.83,274.08,270.76,270.92,7277.0,10,0.0
2026-02-26 16:00:00,270.92,272.73,270.74,271.91,4260.0,10,0.0
2026-02-26 17:00:00,271.92,272.14,270.89,271.13,2708.0,10,0.0
2026-02-26 18:00:00,271.11,272.14,270.81,272.12,2906.0,10,0.0
2026-02-26 19:00:00,272.12,273.44,271.18,272.97,2993.0,10,0.0
2026-02-26 20:00:00,272.95,273.35,272.47,272.76,1819.0,9,0.0
2026-02-27 11:00:00,271.64,271.92,271.35,271.83,131.0,14,0.0
2026-02-27 12:00:00,271.88,272.57,271.63,272.38,266.0,14,0.0
2026-02-27 13:00:00,272.32,272.97,271.71,272.56,670.0,14,0.0
2026-02-27 14:00:00,272.72,273.03,268.72,270.62,5082.0,10,0.0
2026-02-27 15:00:00,270.65,271.34,268.14,268.86,5512.0,11,0.0
2026-02-27 16:00:00,268.85,269.56,268.17,268.57,3865.0,10,0.0
2026-02-27 17:00:00,268.57,269.14,266.82,267.03,3717.0,10,0.0
2026-02-27 18:00:00,267.05,267.37,265.8,266.12,2827.0,10,0.0
2026-02-27 19:00:00,266.13,266.42,265.22,265.3,2867.0,10,0.0
2026-02-27 20:00:00,265.31,266.84,264.8,264.82,2994.0,10,0.0
2026-03-02 11:00:00,261.14,262.37,260.88,261.52,410.0,14,0.0
2026-03-02 12:00:00,261.56,262.11,261.12,261.32,605.0,14,0.0
2026-03-02 13:00:00,261.32,262.23,261.15,261.49,653.0,14,0.0
2026-03-02 14:00:00,261.43,263.31,260.15,263.15,5899.0,11,0.0
2026-03-02 15:00:00,263.13,264.52,261.97,262.66,6243.0,10,0.0
2026-03-02 16:00:00,262.64,265.88,262.55,265.84,4282.0,10,0.0
2026-03-02 17:00:00,265.83,266.13,265.4,266.03,2983.0,10,0.0
2026-03-02 18:00:00,266.05,266.23,264.32,264.57,2925.0,10,0.0
2026-03-02 19:00:00,264.6,266.47,264.37,265.72,2883.0,10,0.0
2026-03-02 20:00:00,265.73,265.9,263.71,264.18,4026.0,10,0.0
2026-03-03 11:00:00,260.93,262.46,260.76,262.19,557.0,14,0.0
2026-03-03 12:00:00,262.2,263.72,262.01,263.54,646.0,14,0.0
2026-03-03 13:00:00,263.53,263.63,261.97,262.61,691.0,14,0.0
2026-03-03 14:00:00,262.58,265.49,261.18,262.27,6883.0,11,0.0
2026-03-03 15:00:00,262.24,264.69,261.87,262.36,8811.0,10,0.0
2026-03-03 16:00:00,262.34,263.73,262.05,262.54,6498.0,10,0.0
2026-03-03 17:00:00,262.55,262.88,260.08,260.69,4883.0,10,0.0
2026-03-03 18:00:00,260.71,263.03,260.46,262.37,4206.0,10,0.0
2026-03-03 19:00:00,262.39,264.58,262.18,263.23,4554.0,10,0.0
2026-03-03 20:00:00,263.25,263.71,262.46,263.26,3021.0,10,0.0
2026-03-04 11:00:00,263.45,263.5,262.33,262.79,569.0,14,0.0
2026-03-04 12:00:00,262.76,263.22,262.2,262.68,486.0,14,0.0
2026-03-04 13:00:00,262.73,263.54,262.71,263.46,548.0,14,0.0
2026-03-04 14:00:00,263.46,266.07,261.36,262.4,5983.0,12,0.0
2026-03-04 15:00:00,262.44,264.51,261.66,264.02,6755.0,10,0.0
2026-03-04 16:00:00,264.01,265.45,263.32,264.7,4958.0,10,0.0
2026-03-04 17:00:00,264.7,265.37,264.14,264.58,3458.0,10,0.0
2026-03-04 18:00:00,264.57,264.72,263.02,263.21,3527.0,10,0.0
2026-03-04 19:00:00,263.23,263.62,262.97,263.17,2549.0,10,0.0
2026-03-04 20:00:00,263.19,263.4,262.01,262.3,2028.0,9,0.0
2026-03-05 11:00:00,261.77,263.46,261.62,262.68,601.0,14,0.0
2026-03-05 12:00:00,262.63,262.75,261.5,262.05,790.0,14,0.0
2026-03-05 13:00:00,261.99,262.42,261.54,261.93,734.0,14,0.0
2026-03-05 14:00:00,261.98,262.07,258.8,259.88,5658.0,10,0.0
2026-03-05 15:00:00,259.9,261.17,258.03,260.96,7426.0,9,0.0
2026-03-05 16:00:00,260.94,261.44,259.46,260.64,5894.0,10,0.0
2026-03-05 17:00:00,260.66,261.49,258.46,258.67,5665.0,9,0.0
2026-03-05 18:00:00,258.67,259.44,257.88,258.18,4345.0,9,0.0
2026-03-05 19:00:00,258.15,258.5,257.2,257.73,3592.0,9,0.0
2026-03-05 20:00:00,257.72,259.43,257.37,258.57,4217.0,9,0.0
2026-03-06 11:00:00,259.26,259.35,258.59,258.79,293.0,14,0.0
2026-03-06 12:00:00,258.83,258.97,258.22,258.39,545.0,14,0.0
2026-03-06 13:00:00,258.39,259.23,256.99,257.16,1185.0,14,0.0
2026-03-06 14:00:00,257.17,258.66,254.35,255.85,5818.0,10,0.0
2026-03-06 15:00:00,255.83,257.52,255.15,257.46,7108.0,9,0.0
2026-03-06 16:00:00,257.48,257.89,256.39,256.74,5406.0,9,0.0
2026-03-06 17:00:00,256.76,257.18,256.02,256.32,4465.0,9,0.0
2026-03-06 18:00:00,256.31,257.54,255.86,256.28,4287.0,9,0.0
2026-03-06 19:00:00,256.3,257.64,256.28,257.55,3414.0,9,0.0
2026-03-06 20:00:00,257.56,257.92,256.39,256.53,3541.0,9,0.0
2026-03-09 10:00:00,255.26,255.28,254.67,254.87,283.0,14,0.0
2026-03-09 11:00:00,255.02,255.56,254.88,255.32,430.0,14,0.0
2026-03-09 12:00:00,255.31,255.68,254.85,255.11,442.0,14,0.0
2026-03-09 13:00:00,255.2,256.92,253.65,255.63,5557.0,11,0.0
2026-03-09 14:00:00,255.61,257.84,255.46,257.28,8564.0,10,0.0
2026-03-09 15:00:00,257.32,258.13,256.88,257.39,4931.0,9,0.0
2026-03-09 16:00:00,257.41,258.24,257.1,257.67,4044.0,9,0.0
2026-03-09 17:00:00,257.68,257.71,255.91,256.09,3366.0,9,0.0
2026-03-09 18:00:00,256.11,257.74,256.06,257.4,3493.0,9,0.0
2026-03-09 19:00:00,257.39,261.08,256.99,259.99,6211.0,9,0.0
2026-03-10 10:00:00,260.45,260.66,260.04,260.22,312.0,14,0.0
2026-03-10 11:00:00,260.15,260.45,259.13,259.21,484.0,14,0.0
2026-03-10 12:00:00,259.21,259.53,258.57,259.27,512.0,14,0.0
2026-03-10 13:00:00,259.33,259.83,256.89,257.89,4645.0,11,0.0
2026-03-10 14:00:00,257.9,261.48,257.5,261.29,5840.0,9,0.0
2026-03-10 15:00:00,261.27,261.73,260.96,261.46,3643.0,9,0.0
2026-03-10 16:00:00,261.44,261.92,260.78,261.12,3613.0,9,0.0
2026-03-10 17:00:00,261.13,262.42,261.06,262.21,3739.0,9,0.0
2026-03-10 18:00:00,262.23,262.32,260.43,261.28,6850.0,9,0.0
2026-03-10 19:00:00,261.3,261.54,260.32,260.9,3967.0,9,0.0
2026-03-11 10:00:00,260.49,261.2,260.49,261.05,130.0,14,0.0
2026-03-11 11:00:00,261.05,261.29,260.49,260.67,311.0,14,0.0
2026-03-11 12:00:00,260.67,261.24,259.83,260.28,511.0,14,0.0
2026-03-11 13:00:00,260.34,261.95,260.19,261.18,3990.0,10,0.0
2026-03-11 14:00:00,261.2,262.07,259.5,260.67,6158.0,9,0.0
2026-03-11 15:00:00,260.69,260.91,259.82,260.59,4868.0,9,0.0
2026-03-11 16:00:00,260.57,261.17,260.09,260.64,3611.0,9,0.0
2026-03-11 17:00:00,260.65,261.08,259.59,260.45,4055.0,9,0.0
2026-03-11 18:00:00,260.46,260.58,259.72,260.16,3201.0,9,0.0
2026-03-11 19:00:00,260.16,260.48,259.76,260.19,1913.0,9,0.0
2026-03-12 10:00:00,260.59,260.65,260.01,260.45,200.0,14,0.0
2026-03-12 11:00:00,260.46,260.79,260.15,260.18,326.0,14,0.0
2026-03-12 12:00:00,260.18,260.2,259.69,260.02,419.0,14,0.0
2026-03-12 13:00:00,260.1,260.41,255.31,255.41,5261.0,9,0.0
2026-03-12 14:00:00,255.4,256.33,254.32,254.86,6250.0,9,0.0
2026-03-12 15:00:00,254.85,255.6,254.14,255.07,5831.0,9,0.0
2026-03-12 16:00:00,255.06,256.19,254.79,255.19,5484.0,9,0.0
2026-03-12 17:00:00,255.18,255.65,254.73,255.29,3933.0,9,0.0
2026-03-12 18:00:00,255.29,255.63,254.85,255.14,3189.0,9,0.0
2026-03-12 19:00:00,255.12,256.2,255.05,255.26,2846.0,9,0.0
2026-03-13 10:00:00,255.76,256.58,255.75,256.43,179.0,14,0.0
2026-03-13 11:00:00,256.43,256.61,256.26,256.5,225.0,14,0.0
2026-03-13 12:00:00,256.48,256.85,256.27,256.59,378.0,14,0.0
2026-03-13 13:00:00,256.61,256.62,254.76,255.75,4103.0,10,0.0
2026-03-13 14:00:00,255.79,255.92,253.65,253.74,5601.0,9,0.0
2026-03-13 15:00:00,253.76,254.33,251.81,252.04,4743.0,9,0.0
2026-03-13 16:00:00,252.03,252.91,251.33,251.36,4181.0,9,0.0
2026-03-13 17:00:00,251.36,251.88,250.86,251.23,3946.0,9,0.0
2026-03-13 18:00:00,251.23,251.8,250.74,251.06,2751.0,9,0.0
2026-03-13 19:00:00,251.05,251.13,249.83,249.97,2339.0,9,0.0
2026-03-16 10:00:00,250.4,251.6,250.39,251.19,296.0,14,0.0
2026-03-16 11:00:00,251.08,251.23,250.74,250.9,405.0,14,0.0
2026-03-16 12:00:00,250.88,251.91,250.88,251.45,538.0,14,0.0
2026-03-16 13:00:00,251.41,253.16,249.85,253.02,4472.0,10,0.0
2026-03-16 14:00:00,253.05,253.75,252.43,253.58,5347.0,9,0.0
2026-03-16 15:00:00,253.56,253.83,252.86,252.9,3865.0,9,0.0
2026-03-16 16:00:00,252.88,253.24,252.15,252.52,3904.0,9,0.0
2026-03-16 17:00:00,252.53,253.28,252.12,252.15,2954.0,9,0.0
2026-03-16 18:00:00,252.16,253.09,252.1,252.7,2368.0,9,0.0
2026-03-16 19:00:00,252.71,253.38,252.14,252.35,2924.0,9,0.0
2026-03-17 10:00:00,252.07,252.12,251.59,252.0,141.0,14,0.0
2026-03-17 11:00:00,252.05,252.25,251.71,251.86,215.0,14,0.0
2026-03-17 12:00:00,251.81,253.38,251.66,253.19,454.0,14,0.0
2026-03-17 13:00:00,253.18,255.01,252.15,254.66,3818.0,10,0.0
2026-03-17 14:00:00,254.64,254.89,253.74,254.34,4099.0,9,0.0
2026-03-17 15:00:00,254.33,254.63,253.61,254.36,3681.0,9,0.0
2026-03-17 16:00:00,254.36,255.08,254.02,254.04,3420.0,9,0.0
2026-03-17 17:00:00,254.04,254.55,253.53,254.45,2395.0,9,0.0
2026-03-17 18:00:00,254.48,254.59,253.76,253.84,2046.0,9,0.0
2026-03-17 19:00:00,253.84,254.05,253.09,253.81,1866.0,9,0.0
2026-03-18 10:00:00,254.95,255.21,254.89,255.06,101.0,14,0.0
2026-03-18 11:00:00,255.05,255.16,254.65,254.91,222.0,14,0.0
2026-03-18 12:00:00,254.91,254.91,252.95,252.98,582.0,14,0.0
2026-03-18 13:00:00,253.03,254.88,251.33,253.42,4036.0,9,0.0
2026-03-18 14:00:00,253.39,253.76,252.04,252.47,4710.0,9,0.0
2026-03-18 15:00:00,252.49,253.0,251.47,251.73,3647.0,9,0.0
2026-03-18 16:00:00,251.71,251.95,250.66,250.93,3090.0,9,0.0
2026-03-18 17:00:00,250.91,251.37,250.36,251.3,2622.0,8,0.0
2026-03-18 18:00:00,251.28,251.61,249.83,249.84,4431.0,9,0.0
2026-03-18 19:00:00,249.83,250.48,248.98,249.13,2553.0,8,0.0
2026-03-19 10:00:00,251.36,251.56,250.71,250.99,262.0,14,0.0
2026-03-19 11:00:00,250.97,251.22,250.33,251.11,423.0,14,0.0
2026-03-19 12:00:00,251.06,251.19,249.78,249.88,637.0,14,0.0
2026-03-19 13:00:00,249.92,251.77,247.25,250.74,5685.0,10,0.0
2026-03-19 14:00:00,250.72,251.11,249.3,249.83,6239.0,9,0.0
2026-03-19 15:00:00,249.81,250.23,249.0,249.58,4646.0,9,0.0
2026-03-19 16:00:00,249.56,249.91,247.83,248.0,3731.0,9,0.0
2026-03-19 17:00:00,248.0,248.49,247.67,247.92,2909.0,9,0.0
2026-03-19 18:00:00,247.93,248.53,247.63,248.38,2657.0,8,0.0
2026-03-19 19:00:00,248.38,249.53,248.12,248.46,5543.0,9,0.0
2026-03-20 10:00:00,247.83,248.09,247.12,248.04,445.0,14,0.0
2026-03-20 11:00:00,248.03,248.33,247.44,247.61,311.0,14,0.0
2026-03-20 12:00:00,247.54,247.69,246.87,247.56,508.0,14,0.0
2026-03-20 13:00:00,247.54,248.71,246.57,247.63,5548.0,10,0.0
2026-03-20 14:00:00,247.6,248.81,246.78,248.15,6317.0,9,0.0
2026-03-20 15:00:00,248.17,248.88,247.74,248.8,5316.0,9,0.0
2026-03-20 16:00:00,248.8,248.99,248.04,248.41,3639.0,9,0.0
2026-03-20 17:00:00,248.4,248.74,247.48,248.13,3525.0,9,0.0
2026-03-20 18:00:00,248.14,248.71,247.54,248.39,4034.0,9,0.0
2026-03-20 19:00:00,248.4,249.14,246.78,247.69,3506.0,9,0.0
2026-03-23 10:00:00,247.23,247.67,247.0,247.34,617.0,14,0.0
2026-03-23 11:00:00,247.35,254.82,247.2,250.83,2799.0,14,0.0
2026-03-23 12:00:00,250.83,253.55,250.61,253.55,1159.0,14,0.0
2026-03-23 13:00:00,253.59,254.4,251.3,252.0,6766.0,9,0.0
2026-03-23 14:00:00,251.98,252.95,250.99,252.06,7418.0,8,0.0
2026-03-23 15:00:00,252.06,252.89,251.51,251.51,5953.0,8,0.0
2026-03-23 16:00:00,251.53,252.34,250.62,251.0,6759.0,6,0.0
2026-03-23 17:00:00,251.01,251.88,250.24,251.83,4778.0,6,0.0
2026-03-23 18:00:00,251.84,252.37,251.14,252.28,4190.0,6,0.0
2026-03-23 19:00:00,252.28,252.36,251.58,252.36,2318.0,6,0.0
2026-03-24 10:00:00,251.49,251.76,251.24,251.51,193.0,14,0.0
2026-03-24 11:00:00,251.51,251.66,250.66,251.24,344.0,14,0.0
2026-03-24 12:00:00,251.24,251.53,250.46,250.54,317.0,14,0.0
2026-03-24 13:00:00,250.54,252.11,249.49,251.6,4688.0,9,0.0
2026-03-24 14:00:00,251.61,253.24,251.55,252.06,7211.0,6,0.0
2026-03-24 15:00:00,252.05,254.63,252.0,253.83,5103.0,6,0.0
2026-03-24 16:00:00,253.84,254.78,253.33,253.61,4175.0,6,0.0
2026-03-24 17:00:00,253.59,253.79,252.25,253.14,4810.0,6,0.0
2026-03-24 18:00:00,253.16,253.44,252.18,252.39,4294.0,8,0.0
2026-03-24 19:00:00,252.38,253.11,251.25,251.45,2346.0,6,0.0
2026-03-25 10:00:00,253.4,253.53,253.15,253.38,186.0,14,0.0
2026-03-25 11:00:00,253.47,254.41,253.29,254.13,449.0,14,0.0
2026-03-25 12:00:00,254.22,254.72,253.12,254.33,682.0,14,0.0
2026-03-25 13:00:00,254.14,254.9,251.78,251.84,4343.0,9,0.0
2026-03-25 14:00:00,251.85,253.62,251.56,253.38,5776.0,9,0.0
2026-03-25 15:00:00,253.38,254.42,252.93,253.46,5086.0,9,0.0
2026-03-25 16:00:00,253.44,254.6,253.05,254.18,3831.0,9,0.0
2026-03-25 17:00:00,254.18,254.46,253.7,253.93,3362.0,6,0.0
2026-03-25 18:00:00,253.94,254.21,252.65,252.75,2959.0,6,0.0
2026-03-25 19:00:00,252.74,253.01,252.02,252.13,2267.0,9,0.0
2026-03-26 10:00:00,252.08,252.25,251.8,252.01,113.0,14,0.0
2026-03-26 11:00:00,252.01,252.18,251.47,251.5,250.0,14,0.0
2026-03-26 12:00:00,251.49,252.17,251.49,251.78,263.0,14,0.0
2026-03-26 13:00:00,251.8,252.61,250.73,251.3,1565.0,14,0.0
2025-10-29 14:00:00,270.88,271.34,268.57,268.82,3175.0,10,0.0
2025-10-29 15:00:00,268.84,269.14,267.06,267.73,3056.0,10,0.0
2025-10-29 16:00:00,267.72,269.05,267.67,268.82,1930.0,10,0.0
2025-10-29 17:00:00,268.82,270.61,268.82,270.39,2325.0,10,0.0
2025-10-28 14:00:00,268.92,269.06,268.11,268.78,2655.0,10,0.0
2025-10-28 15:00:00,268.81,269.02,268.26,268.86,1538.0,10,0.0
2025-10-28 16:00:00,268.86,269.81,268.64,269.55,1612.0,10,0.0
2025-10-28 17:00:00,269.55,269.68,268.75,268.88,1623.0,10,0.0
2025-10-28 18:00:00,268.87,269.24,268.73,269.07,1149.0,9,0.0
2025-10-28 19:00:00,269.06,269.38,268.64,268.78,1109.0,9,0.0
2025-10-29 10:00:00,269.63,270.11,269.46,269.59,247.0,14,0.0
2025-10-29 11:00:00,269.58,269.8,269.21,269.59,354.0,14,0.0
2025-10-29 12:00:00,269.6,269.83,268.87,269.15,558.0,14,0.0
2025-10-29 13:00:00,269.15,271.23,268.59,270.86,3650.0,11,0.0
2025-10-24 14:00:00,260.12,262.29,259.83,261.79,3575.0,10,0.0
2025-10-24 15:00:00,261.82,263.72,261.73,263.29,2997.0,9,0.0
2025-10-24 16:00:00,263.29,263.96,262.81,263.05,2323.0,10,0.0
2025-10-24 17:00:00,263.06,264.03,263.05,263.85,1749.0,9,0.0
2025-10-24 18:00:00,263.84,264.07,263.38,263.46,1667.0,9,0.0
2025-10-24 19:00:00,263.48,263.61,263.12,263.29,1434.0,9,0.0
2025-10-27 10:00:00,264.58,265.0,264.56,264.71,244.0,14,0.0
2025-10-27 11:00:00,264.67,265.17,264.47,264.84,404.0,14,0.0
2025-10-27 12:00:00,264.84,265.62,264.73,265.07,448.0,14,0.0
2025-10-27 13:00:00,265.08,266.57,264.47,266.2,3677.0,11,0.0
2025-10-27 14:00:00,266.21,266.98,265.16,265.35,3446.0,10,0.0
2025-10-27 15:00:00,265.34,266.05,265.01,265.37,1904.0,10,0.0
2025-10-27 16:00:00,265.38,266.08,265.19,265.54,1626.0,9,0.0
2025-10-27 17:00:00,265.54,265.97,265.46,265.82,1163.0,9,0.0
2025-10-27 18:00:00,265.8,266.28,265.43,266.18,1049.0,9,0.0
2025-10-27 19:00:00,266.18,267.71,265.99,267.68,1357.0,9,0.0
2025-10-28 10:00:00,268.18,268.45,268.06,268.2,143.0,14,0.0
2025-10-28 11:00:00,268.19,268.63,268.17,268.51,252.0,14,0.0
2025-10-28 12:00:00,268.51,268.6,268.17,268.38,313.0,14,0.0
2025-10-28 13:00:00,268.38,269.78,267.82,268.92,3744.0,11,0.0
2025-10-23 11:00:00,259.25,259.25,257.72,257.78,316.0,14,0.0
2025-10-23 12:00:00,257.8,258.85,257.51,258.59,351.0,14,0.0
2025-10-23 13:00:00,258.55,260.06,257.96,258.29,3166.0,11,0.0
2025-10-23 14:00:00,258.33,259.57,258.09,259.57,3063.0,10,0.0
2025-10-23 15:00:00,259.57,260.49,258.9,260.18,2217.0,9,0.0
2025-10-23 16:00:00,260.17,260.55,259.87,260.22,1680.0,10,0.0
2025-10-23 17:00:00,260.22,260.47,259.48,260.16,1869.0,9,0.0
2025-10-23 18:00:00,260.16,260.36,259.61,259.81,1470.0,9,0.0
2025-10-23 19:00:00,259.8,259.97,259.58,259.79,1133.0,9,0.0
2025-10-24 10:00:00,259.47,260.36,259.47,260.24,144.0,14,0.0
2025-10-24 11:00:00,260.24,260.49,260.07,260.38,227.0,14,0.0
2025-10-24 12:00:00,260.39,261.93,260.32,260.85,633.0,14,0.0
2025-10-24 13:00:00,260.86,261.54,259.14,260.13,3215.0,11,0.0
2025-10-23 10:00:00,259.01,259.54,258.98,259.26,66.0,14,0.0
2025-10-20 18:00:00,262.9,263.78,262.74,263.24,2129.0,9,0.0
2025-10-20 19:00:00,263.24,263.8,263.16,263.51,1751.0,9,0.0
2025-10-21 10:00:00,261.91,261.98,260.68,261.27,241.0,14,0.0
2025-10-21 11:00:00,261.24,261.96,261.24,261.72,314.0,14,0.0
2025-10-21 12:00:00,261.71,262.08,261.4,261.4,509.0,14,0.0
2025-10-21 13:00:00,261.38,265.22,261.2,263.71,5190.0,11,0.0
2025-10-21 14:00:00,263.72,264.57,262.48,262.99,4424.0,11,0.0
2025-10-21 15:00:00,263.01,264.47,262.48,264.07,2857.0,10,0.0
2025-10-21 16:00:00,264.06,264.32,262.8,263.04,2055.0,10,0.0
2025-10-21 17:00:00,263.02,263.84,262.79,263.72,2020.0,10,0.0
2025-10-21 18:00:00,263.73,263.99,262.19,263.36,2077.0,9,0.0
2025-10-21 19:00:00,263.37,263.51,262.83,262.93,1306.0,9,0.0
2025-10-22 10:00:00,260.89,261.38,260.52,261.28,253.0,14,0.0
2025-10-22 11:00:00,261.47,261.71,260.73,260.94,326.0,14,0.0
2025-10-22 12:00:00,260.95,261.61,260.93,261.21,377.0,14,0.0
2025-10-22 13:00:00,261.22,262.74,259.91,260.33,3302.0,11,0.0
2025-10-22 14:00:00,260.35,261.31,259.68,260.68,4163.0,11,0.0
2025-10-22 15:00:00,260.66,260.68,257.69,259.24,3806.0,10,0.0
2025-10-22 16:00:00,259.25,259.34,256.37,257.6,3839.0,10,0.0
2025-10-22 17:00:00,257.63,257.75,255.39,256.28,3249.0,10,0.0
2025-10-22 18:00:00,256.27,257.02,256.12,256.92,2627.0,10,0.0
2025-10-22 19:00:00,256.91,257.93,256.46,257.55,2200.0,9,0.0
2025-10-17 11:00:00,245.79,247.33,245.63,247.03,604.0,14,0.0
2025-10-17 12:00:00,247.05,247.8,247.05,247.09,519.0,14,0.0
2025-10-17 13:00:00,247.1,249.1,246.71,248.37,3924.0,11,0.0
2025-10-17 14:00:00,248.4,250.25,248.21,248.83,4632.0,10,0.0
2025-10-17 15:00:00,248.84,249.73,248.05,249.52,3770.0,10,0.0
2025-10-17 16:00:00,249.54,251.3,249.42,251.08,3208.0,9,0.0
2025-10-17 17:00:00,251.08,251.31,250.2,251.25,2872.0,10,0.0
2025-10-17 18:00:00,251.25,252.48,251.25,252.24,2648.0,9,0.0
2025-10-17 19:00:00,252.23,253.33,252.07,253.18,2077.0,9,0.0
2025-10-20 10:00:00,253.37,255.59,253.06,254.58,418.0,14,0.0
2025-10-20 11:00:00,254.56,256.15,254.35,256.0,646.0,14,0.0
2025-10-20 12:00:00,256.02,256.86,255.72,256.69,613.0,14,0.0
2025-10-20 13:00:00,256.72,259.81,255.39,258.92,5573.0,10,0.0
2025-10-20 14:00:00,258.9,261.57,258.04,261.52,5865.0,10,0.0
2025-10-20 15:00:00,261.52,264.32,261.48,263.24,5288.0,10,0.0
2025-10-20 16:00:00,263.26,264.17,262.61,263.57,3698.0,10,0.0
2025-10-20 17:00:00,263.56,264.16,262.79,262.88,2356.0,9,0.0
2025-10-15 13:00:00,249.97,250.73,248.59,250.72,2947.0,11,0.0
2025-10-15 14:00:00,250.73,251.76,250.25,250.48,3311.0,10,0.0
2025-10-15 15:00:00,250.49,250.78,248.68,248.9,2722.0,10,0.0
2025-10-15 16:00:00,248.92,249.98,248.67,248.93,2031.0,10,0.0
2025-10-15 17:00:00,248.93,249.67,247.43,249.45,2964.0,10,0.0
2025-10-15 18:00:00,249.44,249.94,249.16,249.9,1655.0,6,0.0
2025-10-15 19:00:00,249.9,250.05,249.05,249.44,1355.0,9,0.0
2025-10-16 10:00:00,250.4,250.55,249.98,250.15,125.0,14,0.0
2025-10-16 11:00:00,250.13,250.2,249.75,249.92,159.0,14,0.0
2025-10-16 12:00:00,249.93,250.47,249.73,250.37,256.0,14,0.0
2025-10-16 13:00:00,250.39,250.39,246.12,247.48,3516.0,11,0.0
2025-10-16 14:00:00,247.51,248.83,246.82,248.55,3538.0,10,0.0
2025-10-16 15:00:00,248.57,248.97,247.48,247.89,3266.0,10,0.0
2025-10-16 16:00:00,247.91,248.14,246.0,247.59,4196.0,10,0.0
2025-10-16 17:00:00,247.6,247.71,246.16,246.52,3171.0,10,0.0
2025-10-16 18:00:00,246.51,246.8,245.08,246.54,3942.0,10,0.0
2025-10-16 19:00:00,246.57,247.0,246.25,246.96,2547.0,9,0.0
2025-10-17 10:00:00,245.31,245.79,244.34,245.63,327.0,14,0.0
2025-10-14 18:00:00,247.53,247.91,247.1,247.89,1710.0,9,0.0
2025-10-14 19:00:00,247.89,248.79,246.87,247.04,2530.0,9,0.0
2025-10-15 10:00:00,248.33,248.57,248.23,248.57,104.0,14,0.0
2025-10-15 11:00:00,248.6,249.04,248.6,248.85,205.0,14,0.0
2025-10-15 12:00:00,248.85,250.36,248.54,249.98,884.0,14,0.0
2025-10-14 16:00:00,247.33,247.98,246.8,247.53,1949.0,9,0.0
2025-10-14 17:00:00,247.54,247.86,247.14,247.54,1753.0,9,0.0
2025-10-09 14:00:00,255.15,255.78,254.53,254.9,3116.0,10,0.0
2025-10-09 15:00:00,254.9,255.16,253.77,254.06,2212.0,9,0.0
2025-10-09 16:00:00,254.06,254.7,253.49,253.73,1711.0,9,0.0
2025-10-09 17:00:00,253.71,253.84,253.1,253.58,1743.0,9,0.0
2025-10-09 18:00:00,253.58,253.8,253.27,253.76,1361.0,9,0.0
2025-10-09 19:00:00,253.76,254.06,253.51,253.64,1192.0,9,0.0
2025-10-10 10:00:00,253.19,253.66,253.19,253.6,114.0,14,0.0
2025-10-10 11:00:00,253.61,254.06,253.49,254.02,209.0,14,0.0
2025-10-10 12:00:00,254.02,254.02,253.27,253.3,200.0,14,0.0
2025-10-10 13:00:00,253.3,256.32,253.3,255.43,3080.0,10,0.0
2025-10-10 14:00:00,255.45,255.97,252.47,253.09,3414.0,10,0.0
2025-10-10 15:00:00,253.06,253.06,248.28,248.75,11181.0,11,0.0
2025-10-10 16:00:00,248.73,249.0,247.28,247.45,4831.0,10,0.0
2025-10-10 17:00:00,247.41,248.52,247.03,247.96,3778.0,9,0.0
2025-10-10 18:00:00,247.98,248.01,245.77,245.95,3244.0,9,0.0
2025-10-10 19:00:00,245.96,246.94,245.83,246.83,2653.0,9,0.0
2025-10-13 10:00:00,249.22,249.61,248.53,249.18,266.0,14,0.0
2025-10-13 11:00:00,249.13,249.59,248.05,249.08,526.0,14,0.0
2025-10-13 12:00:00,249.07,249.57,248.61,248.86,511.0,14,0.0
2025-10-13 13:00:00,248.84,249.46,245.51,246.58,4185.0,11,0.0
2025-10-13 14:00:00,246.6,247.57,246.06,246.86,3878.0,10,0.0
2025-10-13 15:00:00,246.86,248.92,246.61,248.73,2687.0,9,0.0
2025-10-13 16:00:00,248.74,249.56,248.5,249.5,2054.0,10,0.0
2025-10-13 17:00:00,249.51,249.64,248.64,248.99,1729.0,9,0.0
2025-10-13 18:00:00,248.98,249.28,248.28,248.42,1695.0,9,0.0
2025-10-13 19:00:00,248.42,248.66,248.09,248.47,1271.0,9,0.0
2025-10-14 10:00:00,245.38,245.95,245.12,245.4,329.0,14,0.0
2025-10-14 11:00:00,245.55,246.64,245.4,246.45,331.0,14,0.0
2025-10-14 12:00:00,246.43,246.43,245.19,245.49,437.0,14,0.0
2025-10-14 13:00:00,245.49,247.02,244.71,246.2,2985.0,11,0.0
2025-10-14 14:00:00,246.19,247.63,245.82,247.19,3119.0,10,0.0
2025-10-14 15:00:00,247.19,247.67,246.07,247.34,2387.0,10,0.0
2025-10-06 11:00:00,258.36,259.4,258.05,259.1,449.0,14,0.0
2025-10-06 12:00:00,259.13,259.14,257.98,258.18,423.0,14,0.0
2025-10-06 13:00:00,258.18,258.99,255.0,256.21,4138.0,10,0.0
2025-10-06 14:00:00,256.19,258.7,256.15,257.78,3648.0,10,0.0
2025-10-06 15:00:00,257.79,257.9,256.79,257.12,2178.0,10,0.0
2025-10-06 16:00:00,257.11,257.5,256.72,257.28,1597.0,10,0.0
2025-10-06 17:00:00,257.28,257.34,255.46,255.57,2590.0,10,0.0
2025-10-06 18:00:00,255.56,256.53,255.56,256.16,1798.0,9,0.0
2025-10-06 19:00:00,256.17,256.91,256.09,256.88,1280.0,9,0.0
2025-10-07 10:00:00,255.6,255.78,255.48,255.51,112.0,14,0.0
2025-10-07 11:00:00,255.51,255.85,255.46,255.68,205.0,14,0.0
2025-10-07 12:00:00,255.7,256.25,255.7,256.21,239.0,14,0.0
2025-10-07 13:00:00,256.21,257.33,255.81,257.1,3058.0,10,0.0
2025-10-07 14:00:00,257.12,257.18,255.56,255.86,3041.0,9,0.0
2025-10-07 15:00:00,255.86,257.05,255.86,256.26,3565.0,9,0.0
2025-10-07 16:00:00,256.24,256.6,255.84,256.03,2217.0,9,0.0
2025-10-07 17:00:00,256.03,256.17,255.4,255.79,1612.0,9,0.0
2025-10-07 18:00:00,255.79,256.16,255.53,256.11,1395.0,9,0.0
2025-10-07 19:00:00,256.11,256.53,255.87,256.5,1005.0,9,0.0
2025-10-08 10:00:00,255.52,255.9,255.48,255.83,81.0,14,0.0
2025-10-08 11:00:00,255.86,256.04,255.79,255.93,147.0,14,0.0
2025-10-08 12:00:00,255.92,256.0,255.74,255.81,177.0,14,0.0
2025-10-08 13:00:00,255.81,257.83,255.81,257.16,2811.0,10,0.0
2025-10-08 14:00:00,257.18,258.13,257.1,257.56,2919.0,10,0.0
2025-10-08 15:00:00,257.54,258.4,257.52,257.9,2072.0,9,0.0
2025-10-08 16:00:00,257.9,258.46,257.57,257.76,1644.0,9,0.0
2025-10-08 17:00:00,257.75,258.15,257.65,257.77,1316.0,9,0.0
2025-10-08 18:00:00,257.77,258.14,257.6,257.75,1240.0,9,0.0
2025-10-08 19:00:00,257.76,258.44,257.7,258.3,1011.0,9,0.0
2025-10-09 10:00:00,257.53,257.57,257.17,257.31,76.0,14,0.0
2025-10-09 11:00:00,257.39,257.8,257.32,257.34,257.0,14,0.0
2025-10-09 12:00:00,257.35,257.35,256.95,257.07,286.0,14,0.0
2025-10-09 13:00:00,257.05,257.9,254.72,255.12,3520.0,10,0.0
2025-10-03 14:00:00,257.98,258.74,257.29,258.13,3761.0,10,0.0
2025-10-03 15:00:00,258.13,259.18,257.85,258.36,2710.0,10,0.0
2025-10-03 16:00:00,258.36,258.88,258.15,258.75,1705.0,9,0.0
2025-10-03 17:00:00,258.73,258.73,257.08,257.4,2855.0,9,0.0
2025-10-03 18:00:00,257.4,258.53,256.93,258.3,2436.0,9,0.0
2025-10-03 19:00:00,258.3,258.36,257.8,257.93,1437.0,9,0.0
2025-10-06 10:00:00,257.76,258.49,257.76,258.37,172.0,14,0.0
2025-10-02 14:00:00,255.98,256.73,255.61,256.22,3245.0,10,0.0
2025-10-02 15:00:00,256.2,257.92,255.93,257.72,3058.0,10,0.0
2025-10-02 16:00:00,257.7,258.11,257.07,257.46,2101.0,10,0.0
2025-10-02 17:00:00,257.45,257.77,257.01,257.07,1471.0,10,0.0
2025-10-02 18:00:00,257.07,258.11,256.98,257.88,1686.0,9,0.0
2025-10-02 19:00:00,257.88,257.91,257.29,257.34,1198.0,9,0.0
2025-10-03 10:00:00,257.09,257.26,257.07,257.19,98.0,14,0.0
2025-10-03 11:00:00,257.16,257.57,253.28,253.78,647.0,14,0.0
2025-10-03 12:00:00,253.77,255.27,253.65,254.25,1137.0,14,0.0
2025-10-03 13:00:00,254.25,258.98,253.56,258.0,4545.0,10,0.0
2025-10-01 19:00:00,256.68,256.88,255.3,255.3,1441.0,9,0.0
2025-10-02 10:00:00,256.49,256.77,256.09,256.09,257.0,14,0.0
2025-10-02 11:00:00,256.08,256.69,255.97,256.31,375.0,14,0.0
2025-10-02 12:00:00,256.3,256.57,255.78,256.12,337.0,14,0.0
2025-10-02 13:00:00,256.12,257.19,254.11,255.97,3714.0,10,0.0
2025-10-01 18:00:00,256.41,256.69,256.19,256.69,1411.0,9,0.0
2025-10-01 14:00:00,256.47,257.28,255.36,255.51,4000.0,10,0.0
2025-10-01 15:00:00,255.49,256.06,255.05,256.06,2205.0,10,0.0
2025-10-01 16:00:00,256.04,256.87,255.89,256.41,1987.0,9,0.0
2025-10-01 17:00:00,256.41,256.77,255.81,256.41,1550.0,9,0.0
2025-10-01 11:00:00,253.3,254.01,253.3,253.88,193.0,14,0.0
2025-10-01 12:00:00,253.87,255.76,253.73,255.14,592.0,14,0.0
2025-10-01 13:00:00,255.08,258.72,254.26,256.45,5291.0,10,0.0
2025-09-30 18:00:00,253.67,254.19,253.07,254.15,1581.0,9,0.0
2025-09-30 19:00:00,254.14,254.18,253.47,254.0,1260.0,9,0.0
2025-10-01 10:00:00,253.1,253.81,253.03,253.34,156.0,14,0.0
2025-09-30 14:00:00,255.47,255.84,254.54,255.45,3310.0,10,0.0
2025-09-30 15:00:00,255.44,255.62,253.78,254.66,2344.0,9,0.0
2025-09-30 16:00:00,254.65,254.91,253.99,254.02,1446.0,9,0.0
2025-09-30 17:00:00,254.02,254.21,253.27,253.68,1828.0,9,0.0
2025-09-29 15:00:00,253.88,254.12,253.08,253.49,2217.0,9,0.0
2025-09-29 16:00:00,253.5,254.02,253.21,253.29,1552.0,9,0.0
2025-09-29 17:00:00,253.3,253.44,253.09,253.3,1448.0,9,0.0
2025-09-29 18:00:00,253.3,254.57,253.3,254.01,1460.0,9,0.0
2025-09-29 19:00:00,254.01,254.39,253.57,254.18,1210.0,9,0.0
2025-09-30 10:00:00,253.34,253.5,253.34,253.48,50.0,14,0.0
2025-09-30 11:00:00,253.48,253.78,253.45,253.7,143.0,14,0.0
2025-09-30 12:00:00,253.68,253.87,253.66,253.75,147.0,14,0.0
2025-09-30 13:00:00,253.72,255.55,253.64,255.46,3210.0,10,0.0
2025-09-29 10:00:00,255.16,255.18,254.56,254.78,125.0,14,0.0
2025-09-29 11:00:00,254.84,255.19,254.4,254.63,319.0,14,0.0
2025-09-29 12:00:00,254.67,255.31,254.47,255.31,369.0,14,0.0
2025-09-29 13:00:00,255.28,255.71,252.95,253.65,3515.0,10,0.0
2025-09-29 14:00:00,253.67,254.43,253.22,253.88,2859.0,9,0.0
2025-09-24 19:00:00,251.68,251.71,251.2,251.49,1029.0,9,0.0
2025-09-25 10:00:00,251.67,253.84,251.56,252.81,385.0,14,0.0
2025-09-25 11:00:00,252.77,253.14,252.04,252.62,474.0,14,0.0
2025-09-25 12:00:00,252.62,252.77,251.79,252.34,773.0,14,0.0
2025-09-25 13:00:00,252.37,254.23,251.66,252.24,5097.0,11,0.0
2025-09-25 14:00:00,252.25,254.08,252.08,253.63,3759.0,10,0.0
2025-09-25 15:00:00,253.65,254.06,252.8,252.84,2645.0,10,0.0
2025-09-25 16:00:00,252.84,253.31,252.28,253.18,2072.0,9,0.0
2025-09-25 17:00:00,253.19,253.83,253.08,253.16,2180.0,9,0.0
2025-09-25 18:00:00,253.14,256.04,252.81,255.94,3197.0,9,0.0
2025-09-25 19:00:00,255.92,257.12,255.82,256.06,2594.0,9,0.0
2025-09-26 10:00:00,256.06,256.27,255.6,255.8,171.0,14,0.0
2025-09-26 11:00:00,255.81,256.11,253.49,254.39,699.0,14,0.0
2025-09-26 12:00:00,254.36,255.26,254.06,254.41,714.0,14,0.0
2025-09-26 13:00:00,254.24,256.29,253.72,256.22,3685.0,10,0.0
2025-09-26 14:00:00,256.21,256.54,254.3,254.98,4070.0,9,0.0
2025-09-26 15:00:00,254.97,255.99,254.81,255.01,2736.0,9,0.0
2025-09-26 16:00:00,255.02,256.34,254.88,256.29,2089.0,9,0.0
2025-09-26 17:00:00,256.29,257.27,255.81,256.05,2315.0,9,0.0
2025-09-26 18:00:00,256.03,256.74,255.92,256.16,1865.0,9,0.0
2025-09-26 19:00:00,256.15,256.16,254.92,255.12,1543.0,9,0.0
2025-09-22 14:00:00,251.05,253.63,250.76,253.56,5703.0,9,0.0
2025-09-22 15:00:00,253.56,256.57,253.34,256.02,5235.0,9,0.0
2025-09-22 16:00:00,256.01,256.25,253.13,254.16,4998.0,9,0.0
2025-09-22 17:00:00,254.11,254.88,253.48,254.06,3301.0,9,0.0
2025-09-22 18:00:00,254.05,255.7,253.97,255.35,2690.0,9,0.0
2025-09-22 19:00:00,255.36,256.0,255.27,255.76,2483.0,9,0.0
2025-09-23 10:00:00,255.53,255.54,255.02,255.22,172.0,14,0.0
2025-09-23 11:00:00,255.28,255.33,254.56,255.01,365.0,14,0.0
2025-09-23 12:00:00,254.98,255.04,254.7,254.94,347.0,14,0.0
2025-09-23 13:00:00,254.94,257.25,254.71,256.14,4862.0,10,0.0
2025-09-23 14:00:00,256.12,256.94,254.98,255.24,5041.0,10,0.0
2025-09-23 15:00:00,255.24,256.32,255.17,255.92,2829.0,9,0.0
2025-09-23 16:00:00,255.93,256.16,254.65,255.04,2315.0,9,0.0
2025-09-23 17:00:00,255.02,255.17,253.9,254.28,3124.0,9,0.0
2025-09-23 18:00:00,254.28,254.92,253.94,254.09,2521.0,9,0.0
2025-09-23 19:00:00,254.08,254.21,253.54,254.14,1800.0,9,0.0
2025-09-24 10:00:00,254.56,254.61,254.18,254.32,128.0,14,0.0
2025-09-24 11:00:00,254.32,254.85,254.29,254.82,221.0,14,0.0
2025-09-24 12:00:00,254.85,255.36,254.78,255.03,291.0,14,0.0
2025-09-24 13:00:00,255.02,255.63,252.22,253.22,3650.0,10,0.0
2025-09-24 14:00:00,253.2,253.23,251.68,252.17,3663.0,9,0.0
2025-09-24 15:00:00,252.17,252.25,251.23,251.35,2485.0,9,0.0
2025-09-24 16:00:00,251.37,252.21,250.99,251.48,2668.0,9,0.0
2025-09-24 17:00:00,251.5,252.06,251.28,251.45,1452.0,9,0.0
2025-09-24 18:00:00,251.45,251.79,251.21,251.68,1434.0,9,0.0
2025-09-22 11:00:00,246.4,246.95,246.06,246.89,487.0,14,0.0
2025-09-22 12:00:00,246.89,248.15,246.47,247.94,755.0,14,0.0
2025-09-22 13:00:00,247.94,251.28,247.69,251.04,5790.0,10,0.0
2025-09-19 19:00:00,245.46,245.88,244.77,244.8,2279.0,9,0.0
2025-09-22 10:00:00,246.83,247.35,246.36,246.38,384.0,14,0.0
2025-09-19 18:00:00,245.32,246.2,244.92,245.47,3232.0,9,0.0
2025-09-19 11:00:00,239.31,240.75,239.3,240.55,433.0,14,0.0
2025-09-19 12:00:00,240.54,240.97,240.08,240.16,777.0,14,0.0
2025-09-19 13:00:00,240.16,242.61,239.71,240.83,6376.0,10,0.0
2025-09-19 14:00:00,240.84,243.11,240.18,242.78,5235.0,9,0.0
2025-09-19 15:00:00,242.8,243.33,241.77,243.24,3819.0,9,0.0
2025-09-19 16:00:00,243.23,245.86,243.12,245.11,4236.0,9,0.0
2025-09-19 17:00:00,245.12,245.79,244.86,245.34,3288.0,9,0.0
2025-09-18 10:00:00,240.24,240.28,239.81,240.13,163.0,14,0.0
2025-09-18 11:00:00,240.09,240.22,238.99,239.35,494.0,14,0.0
2025-09-18 12:00:00,239.36,239.73,239.04,239.15,608.0,14,0.0
2025-09-18 13:00:00,239.16,241.08,237.59,238.39,4253.0,10,0.0
2025-09-18 14:00:00,238.35,238.38,236.62,238.19,4273.0,9,0.0
2025-09-18 15:00:00,238.2,238.75,237.3,237.57,2596.0,9,0.0
2025-09-18 16:00:00,237.55,238.13,237.4,237.91,1916.0,8,0.0
2025-09-18 17:00:00,237.92,238.16,237.17,237.34,1745.0,8,0.0
2025-09-18 18:00:00,237.34,237.98,237.27,237.64,1743.0,6,0.0
2025-09-18 19:00:00,237.64,237.87,237.22,237.75,1330.0,6,0.0
2025-09-19 10:00:00,239.28,239.68,239.07,239.36,143.0,14,0.0
2025-09-16 12:00:00,236.78,236.9,236.56,236.77,314.0,14,0.0
2025-09-16 13:00:00,236.77,240.51,236.27,240.34,5156.0,9,0.0
2025-09-16 14:00:00,240.32,241.15,238.69,238.93,5762.0,10,0.0
2025-09-16 15:00:00,238.95,239.79,238.2,238.62,2845.0,9,0.0
2025-09-16 16:00:00,238.61,239.35,238.6,239.1,1919.0,8,0.0
2025-09-16 17:00:00,239.1,239.34,238.08,238.26,1720.0,9,0.0
2025-09-16 18:00:00,238.27,239.06,238.16,239.02,1508.0,6,0.0
2025-09-16 19:00:00,239.02,239.54,238.77,238.9,1574.0,6,0.0
2025-09-17 10:00:00,237.67,238.08,237.67,237.84,153.0,14,0.0
2025-09-17 11:00:00,237.86,238.06,237.67,237.98,272.0,14,0.0
2025-09-17 12:00:00,237.98,238.67,237.89,238.65,263.0,14,0.0
2025-09-17 13:00:00,238.64,240.01,238.56,239.16,3558.0,9,0.0
2025-09-17 14:00:00,239.16,239.96,239.03,239.49,2862.0,9,0.0
2025-09-17 15:00:00,239.51,239.73,239.16,239.51,1814.0,8,0.0
2025-09-17 16:00:00,239.52,239.72,239.24,239.54,1516.0,8,0.0
2025-09-17 17:00:00,239.54,239.59,238.88,239.39,1404.0,6,0.0
2025-09-17 18:00:00,239.38,239.76,237.69,238.53,5911.0,9,0.0
2025-09-17 19:00:00,238.54,239.42,238.48,238.92,4157.0,6,0.0
2025-09-15 18:00:00,235.98,236.13,235.23,236.13,1602.0,6,0.0
2025-09-15 19:00:00,236.13,236.3,235.67,235.71,1351.0,8,0.0
2025-09-16 10:00:00,236.5,236.56,236.38,236.55,162.0,14,0.0
2025-09-16 11:00:00,236.54,236.8,236.09,236.8,260.0,14,0.0
2025-09-15 10:00:00,236.22,236.36,235.86,236.24,341.0,14,0.0
2025-09-15 11:00:00,236.2,237.07,235.94,236.48,633.0,14,0.0
2025-09-15 12:00:00,236.47,237.58,236.26,237.14,633.0,14,0.0
2025-09-15 13:00:00,237.14,238.12,234.98,235.31,4882.0,10,0.0
2025-09-15 14:00:00,235.29,236.97,235.01,236.91,3742.0,9,0.0
2025-09-15 15:00:00,236.9,237.25,236.37,237.03,2525.0,9,0.0
2025-09-15 16:00:00,237.03,237.03,236.04,236.19,1774.0,6,0.0
2025-09-15 17:00:00,236.18,236.33,235.55,235.97,1612.0,6,0.0
2025-08-29 14:00:00,232.55,233.1,231.32,232.82,4490.0,9,0.0
2025-08-29 15:00:00,232.81,233.06,231.34,231.71,3063.0,8,0.0
2025-08-29 16:00:00,231.7,232.92,231.68,232.82,1827.0,8,0.0
2025-08-29 17:00:00,232.81,232.82,231.95,232.28,1748.0,8,0.0
2025-08-29 18:00:00,232.28,232.42,231.94,232.1,1547.0,8,0.0
2025-08-29 19:00:00,232.1,232.8,232.08,232.66,1277.0,6,0.0
2025-09-02 10:00:00,230.79,230.94,230.24,230.36,160.0,14,0.0
2025-09-02 11:00:00,230.36,230.66,230.26,230.49,258.0,14,0.0
2025-09-02 12:00:00,230.49,230.54,229.39,229.39,458.0,14,0.0
2025-09-02 13:00:00,229.39,230.4,227.62,230.12,4434.0,9,0.0
2025-09-02 14:00:00,230.15,230.73,227.96,228.04,4356.0,9,0.0
2025-09-02 15:00:00,228.04,228.39,227.13,227.36,3112.0,8,0.0
2025-09-02 16:00:00,227.37,228.11,227.35,227.97,2089.0,8,0.0
2025-09-02 17:00:00,227.97,229.29,227.82,228.57,1927.0,6,0.0
2025-09-02 18:00:00,228.57,228.85,228.3,228.55,1821.0,6,0.0
2025-09-02 19:00:00,228.54,229.16,226.92,229.09,2288.0,6,0.0
2025-09-03 10:00:00,237.06,237.82,236.91,237.59,337.0,14,0.0
2025-09-03 11:00:00,237.61,239.35,237.56,238.18,971.0,14,0.0
2025-09-03 12:00:00,238.16,238.63,237.59,237.74,1054.0,14,0.0
2025-09-03 13:00:00,237.76,238.66,234.32,235.6,7140.0,10,0.0
2025-09-03 14:00:00,235.6,237.54,235.07,236.97,6312.0,9,0.0
2025-09-03 15:00:00,236.97,237.12,235.46,235.58,3822.0,9,0.0
2025-09-03 16:00:00,235.56,237.3,235.48,237.02,2624.0,9,0.0
2025-09-03 17:00:00,237.01,237.85,236.6,237.02,2873.0,9,0.0
2025-09-03 18:00:00,237.02,237.23,236.71,236.89,2418.0,8,0.0
2025-09-03 19:00:00,236.89,237.75,236.77,237.64,1593.0,9,0.0
2025-09-04 10:00:00,238.05,238.64,237.59,238.07,244.0,14,0.0
2025-09-04 11:00:00,237.99,238.08,237.44,237.49,193.0,14,0.0
2025-09-04 12:00:00,237.5,237.77,237.0,237.48,415.0,14,0.0
2025-09-04 13:00:00,237.47,239.83,236.98,239.47,4277.0,10,0.0
2025-09-04 14:00:00,239.5,239.53,237.11,237.42,4452.0,9,0.0
2025-09-04 15:00:00,237.43,238.05,236.71,237.36,2595.0,9,0.0
2025-09-04 16:00:00,237.37,237.63,236.94,237.47,1720.0,8,0.0
2025-09-04 17:00:00,237.47,238.16,237.46,238.1,1640.0,8,0.0
2025-09-04 18:00:00,238.1,238.66,237.85,238.43,1623.0,9,0.0
2025-09-04 19:00:00,238.45,238.94,238.3,238.86,1397.0,9,0.0
2025-09-05 10:00:00,239.3,239.3,239.08,239.19,108.0,14,0.0
2025-09-05 11:00:00,239.26,239.4,239.11,239.2,173.0,14,0.0
2025-09-05 12:00:00,239.19,239.84,238.76,239.78,665.0,14,0.0
2025-09-05 13:00:00,239.78,240.59,239.13,240.04,4505.0,10,0.0
2025-09-05 14:00:00,240.03,241.26,238.6,238.94,6017.0,9,0.0
2025-09-05 15:00:00,238.93,240.27,238.75,238.94,3697.0,9,0.0
2025-09-05 16:00:00,238.94,239.67,238.45,239.27,3123.0,9,0.0
2025-09-05 17:00:00,239.26,239.68,238.68,238.82,2332.0,8,0.0
2025-09-05 18:00:00,238.82,239.93,238.81,239.91,1850.0,6,0.0
2025-09-05 19:00:00,239.89,240.08,239.49,239.87,1552.0,8,0.0
2025-09-08 10:00:00,239.65,239.82,239.56,239.57,125.0,14,0.0
2025-09-08 11:00:00,239.56,239.97,239.56,239.67,213.0,14,0.0
2025-09-08 12:00:00,239.69,239.92,239.54,239.87,256.0,14,0.0
2025-09-08 13:00:00,239.88,240.3,238.7,239.3,3702.0,9,0.0
2025-09-08 14:00:00,239.27,239.79,238.79,239.11,2983.0,9,0.0
2025-09-08 15:00:00,239.1,239.52,237.95,238.22,2262.0,9,0.0
2025-09-08 16:00:00,238.23,238.33,236.82,236.94,1973.0,9,0.0
2025-09-08 17:00:00,236.94,237.9,236.3,237.7,2222.0,9,0.0
2025-09-08 18:00:00,237.7,237.79,236.57,236.83,1830.0,9,0.0
2025-09-08 19:00:00,236.82,237.46,236.71,237.45,1318.0,9,0.0
2025-09-09 10:00:00,236.85,237.06,236.85,237.05,134.0,14,0.0
2025-09-09 11:00:00,237.06,237.35,236.81,237.34,254.0,14,0.0
2025-09-09 12:00:00,237.31,237.71,237.21,237.63,369.0,14,0.0
2025-09-09 13:00:00,237.62,237.93,236.17,236.73,3146.0,10,0.0
2025-09-09 14:00:00,236.75,236.86,235.74,236.5,3153.0,9,0.0
2025-09-09 15:00:00,236.5,236.61,235.52,235.63,1885.0,9,0.0
2025-09-09 16:00:00,235.64,236.62,235.51,236.56,1768.0,9,0.0
2025-09-09 17:00:00,236.57,238.72,236.28,236.47,6382.0,9,0.0
2025-09-09 18:00:00,236.49,236.72,233.34,233.68,7349.0,9,0.0
2025-09-09 19:00:00,233.68,234.45,233.48,233.53,2335.0,9,0.0
2025-09-10 10:00:00,233.4,233.55,233.22,233.35,223.0,14,0.0
2025-09-10 11:00:00,233.34,233.7,233.06,233.24,425.0,14,0.0
2025-09-10 12:00:00,233.24,233.44,232.02,232.91,1104.0,14,0.0
2025-09-10 13:00:00,232.9,233.92,228.83,229.49,6118.0,9,0.0
2025-09-10 14:00:00,229.51,229.73,227.31,227.68,6341.0,9,0.0
2025-09-10 15:00:00,227.7,228.03,226.21,227.21,4256.0,9,0.0
2025-09-10 16:00:00,227.22,228.01,226.78,227.36,3095.0,8,0.0
2025-09-10 17:00:00,227.37,227.7,226.55,226.65,2418.0,6,0.0
2025-09-10 18:00:00,226.64,227.31,226.32,226.86,2387.0,6,0.0
2025-09-10 19:00:00,226.86,227.0,225.91,226.43,2010.0,6,0.0
2025-09-11 10:00:00,228.02,228.05,226.61,227.26,380.0,14,0.0
2025-09-11 11:00:00,227.27,227.6,227.05,227.22,296.0,14,0.0
2025-09-11 12:00:00,227.26,227.55,226.61,227.45,933.0,14,0.0
2025-09-11 13:00:00,227.43,229.09,226.61,229.0,4450.0,9,0.0
2025-09-11 14:00:00,229.0,229.25,228.29,228.98,3854.0,9,0.0
2025-09-11 15:00:00,228.99,229.27,228.14,228.36,2402.0,6,0.0
2025-09-11 16:00:00,228.36,228.74,227.99,228.7,1669.0,8,0.0
2025-09-11 17:00:00,228.71,230.09,228.62,230.02,1842.0,6,0.0
2025-09-11 18:00:00,230.01,230.11,229.14,229.82,1767.0,8,0.0
2025-09-11 19:00:00,229.83,230.14,229.37,230.01,1130.0,6,0.0
2025-09-12 10:00:00,229.38,229.47,229.02,229.02,145.0,14,0.0
2025-09-12 11:00:00,229.03,229.31,228.97,229.3,254.0,14,0.0
2025-09-12 12:00:00,229.28,229.46,227.48,229.2,1005.0,14,0.0
2025-09-12 13:00:00,229.18,231.17,228.7,231.17,3476.0,9,0.0
2025-09-12 14:00:00,231.08,234.46,230.87,233.89,5932.0,9,0.0
2025-09-12 15:00:00,233.95,234.43,233.32,233.95,3076.0,9,0.0
2025-09-12 16:00:00,233.94,234.21,233.08,233.08,1948.0,9,0.0
2025-09-12 17:00:00,233.09,233.82,232.96,233.62,1759.0,9,0.0
2025-09-12 18:00:00,233.62,234.18,232.99,233.95,2213.0,6,0.0
2025-09-12 19:00:00,233.96,234.39,233.47,233.73,1681.0,6,0.0
2025-08-29 12:00:00,232.07,232.78,231.91,232.75,245.0,14,0.0
2025-08-29 13:00:00,232.76,233.28,231.78,232.52,3257.0,10,0.0
2025-08-28 19:00:00,232.81,233.01,232.6,232.91,968.0,6,0.0
2025-08-29 10:00:00,231.5,231.5,231.22,231.37,91.0,14,0.0
2025-08-29 11:00:00,231.38,232.2,231.38,232.06,176.0,14,0.0
2025-08-28 18:00:00,233.11,233.36,232.65,232.81,1307.0,8,0.0
2025-08-28 16:00:00,231.51,232.54,231.38,232.41,1584.0,8,0.0
2025-08-28 17:00:00,232.42,233.33,232.35,233.12,1390.0,8,0.0
2025-08-28 14:00:00,230.39,231.84,229.97,231.3,3296.0,9,0.0
2025-08-28 15:00:00,231.32,231.74,230.67,231.51,2166.0,9,0.0
2025-08-28 13:00:00,230.88,231.41,229.28,230.37,3066.0,9,0.0
2025-08-28 10:00:00,231.1,231.2,231.02,231.13,64.0,14,0.0
2025-08-28 11:00:00,231.09,231.11,230.8,231.01,136.0,14,0.0
2025-08-28 12:00:00,231.01,231.17,230.83,230.88,313.0,14,0.0
