N_capas;n_neurs_capa_0;actfunct_capa_0_tanh;actfunct_capa_0_relu;actfunct_capa_0_sigmoid;dropout_capa_0;bidirectional_capa_0;LSTM_o_GRU_capa_0;cerrar_con_capa_densa;n_neurs_capa_densa;actfunct_capa_densa_tanh;actfunct_capa_densa_relu;actfunct_capa_densa_sigmoid;actfunct_capa_densa_None;optimizador_adam;optimizador_sgd;loss_function_mean_squared_error;loss_function_mean_absolute_error;batch_size;Media_Movil_250_Close;Fibonacci_300_cuerpo;Media_Movil_50_rendimiento;Media_Movil_250_rendimiento;Fibonacci_150_sombra;Media_Movil_3_Close;Fibonacci_20_cuerpo;Fibonacci_50_sombra;Media_Movil_30_Close;Media_Movil_100_rendimiento;Fibonacci_100_sombra;Media_Movil_150_Close;Media_Movil_100_Close;Media_Movil_20_Close;Fibonacci_50_cuerpo;Media_Movil_20_rendimiento;Suavizamiento_Exponencial_0.3_rendimiento;Fibonacci_300_sombra;Fibonacci_150_cuerpo;Suavizamiento_Exponencial_0.2_rendimiento;Media_Movil_300_Close;Suavizamiento_Exponencial_0.1_Close;Fibonacci_80_cuerpo;Media_Movil_120_rendimiento;Media_Movil_4_rendimiento;Suavizamiento_Exponencial_0.5_Close;Media_Movil_10_rendimiento;Fibonacci_100_cuerpo;Media_Movil_200_rendimiento;Media_Movil_80_Close;Suavizamiento_Exponencial_0.05_rendimiento;Suavizamiento_Exponencial_0.4_Close;Fibonacci_200_cuerpo;Media_Movil_30_rendimiento;Media_Movil_150_rendimiento;Fibonacci_20_sombra;Suavizamiento_Exponencial_0.6_Close;Media_Movil_200_Close;Suavizamiento_Exponencial_0.3_Close;Suavizamiento_Exponencial_0.7_Close;Media_Movil_120_Close;Fibonacci_80_sombra;Media_Movil_10_Close;Media_Movil_4_Close;Media_Movil_5_rendimiento;Media_Movil_3_rendimiento;Suavizamiento_Exponencial_0.1_rendimiento;Suavizamiento_Exponencial_0.2_Close;Suavizamiento_Exponencial_0.4_rendimiento;Media_Movil_300_rendimiento;Suavizamiento_Exponencial_0.5_rendimiento;Suavizamiento_Exponencial_0.05_Close;Media_Movil_5_Close;Media_Movil_50_Close;Media_Movil_80_rendimiento;Suavizamiento_Exponencial_0.7_rendimiento;Fibonacci_200_sombra;Suavizamiento_Exponencial_0.6_rendimiento;ECM_test;loss_func;ECM_test_norm;n_neurs_capa_1;actfunct_capa_1_tanh;actfunct_capa_1_relu;actfunct_capa_1_sigmoid;dropout_capa_1;bidirectional_capa_1;LSTM_o_GRU_capa_1;n_neurs_capa_2;actfunct_capa_2_tanh;actfunct_capa_2_relu;actfunct_capa_2_sigmoid;dropout_capa_2;bidirectional_capa_2;LSTM_o_GRU_capa_2;n_neurs_capa_3;actfunct_capa_3_tanh;actfunct_capa_3_relu;actfunct_capa_3_sigmoid;dropout_capa_3;bidirectional_capa_3;LSTM_o_GRU_capa_3;n_neurs_capa_4;actfunct_capa_4_tanh;actfunct_capa_4_relu;actfunct_capa_4_sigmoid;dropout_capa_4;bidirectional_capa_4;LSTM_o_GRU_capa_4;n_neurs_capa_5;actfunct_capa_5_tanh;actfunct_capa_5_relu;actfunct_capa_5_sigmoid;dropout_capa_5;bidirectional_capa_5;LSTM_o_GRU_capa_5;n_neurs_capa_6;actfunct_capa_6_tanh;actfunct_capa_6_relu;actfunct_capa_6_sigmoid;dropout_capa_6;bidirectional_capa_6;LSTM_o_GRU_capa_6;n_neurs_capa_7;actfunct_capa_7_tanh;actfunct_capa_7_relu;actfunct_capa_7_sigmoid;dropout_capa_7;bidirectional_capa_7;LSTM_o_GRU_capa_7;n_neurs_capa_8;actfunct_capa_8_tanh;actfunct_capa_8_relu;actfunct_capa_8_sigmoid;dropout_capa_8;bidirectional_capa_8;LSTM_o_GRU_capa_8;n_neurs_capa_9;actfunct_capa_9_tanh;actfunct_capa_9_relu;actfunct_capa_9_sigmoid;dropout_capa_9;bidirectional_capa_9;LSTM_o_GRU_capa_9;n_neurs_capa_10;actfunct_capa_10_tanh;actfunct_capa_10_relu;actfunct_capa_10_sigmoid;dropout_capa_10;bidirectional_capa_10;LSTM_o_GRU_capa_10;n_neurs_capa_11;actfunct_capa_11_tanh;actfunct_capa_11_relu;actfunct_capa_11_sigmoid;dropout_capa_11;bidirectional_capa_11;LSTM_o_GRU_capa_11;n_neurs_capa_12;actfunct_capa_12_tanh;actfunct_capa_12_relu;actfunct_capa_12_sigmoid;dropout_capa_12;bidirectional_capa_12;LSTM_o_GRU_capa_12;n_neurs_capa_13;actfunct_capa_13_tanh;actfunct_capa_13_relu;actfunct_capa_13_sigmoid;dropout_capa_13;bidirectional_capa_13;LSTM_o_GRU_capa_13;n_neurs_capa_14;actfunct_capa_14_tanh;actfunct_capa_14_relu;actfunct_capa_14_sigmoid;dropout_capa_14;bidirectional_capa_14;LSTM_o_GRU_capa_14
1,0;60,0;0,0;0,0;1,0;0,2;0,0;0,0;0,0;64,0;0,0;0,0;1,0;0,0;1,0;0,0;0,0;1,0;32,0;1,0;1,0;1,0;1,0;1,0;1,0;1,0;1,0;1,0;1,0;1,0;1,0;1,0;1,0;1,0;1,0;1,0;1,0;1,0;1,0;1,0;1,0;1,0;1,0;1,0;1,0;1,0;1,0;1,0;1,0;1,0;1,0;1,0;1,0;1,0;1,0;1,0;1,0;1,0;1,0;1,0;1,0;1,0;1,0;1,0;1,0;1,0;1,0;1,0;1,0;1,0;1,0;1,0;1,0;1,0;1,0;1,0;1,0;0,021323146298527718;mean_absolute_error;0,9967293349345353;;;;;;;;;;;;;;;;;;;;;;;;;;;;;;;;;;;;;;;;;;;;;;;;;;;;;;;;;;;;;;;;;;;;;;;;;;;;;;;;;;;;;;;;;;;;;;;;;;
2,0;50,0;0,0;1,0;0,0;0,5;0,0;0,0;0,0;74,0;1,0;0,0;0,0;0,0;1,0;0,0;1,0;0,0;22,0;1,0;0,0;1,0;1,0;1,0;1,0;0,0;0,0;0,0;0,0;0,0;1,0;1,0;1,0;0,0;1,0;1,0;0,0;1,0;1,0;1,0;0,0;0,0;1,0;1,0;0,0;1,0;0,0;1,0;1,0;0,0;0,0;0,0;0,0;0,0;1,0;1,0;1,0;1,0;0,0;1,0;1,0;1,0;1,0;1,0;0,0;1,0;0,0;0,0;0,0;1,0;1,0;0,0;0,0;0,0;1,0;0,0;1,0;0,0010578575311228633;mean_squared_error;0,9919435332447043;60,0;0,0;1,0;0,0;0,2;0,0;0,0;;;;;;;;;;;;;;;;;;;;;;;;;;;;;;;;;;;;;;;;;;;;;;;;;;;;;;;;;;;;;;;;;;;;;;;;;;;;;;;;;;;;;;;;;;;
3,0;40,0;0,0;1,0;0,0;0,0;0,0;0,0;0,0;64,0;0,0;1,0;0,0;0,0;1,0;0,0;0,0;1,0;32,0;1,0;1,0;0,0;0,0;0,0;0,0;0,0;0,0;0,0;1,0;0,0;0,0;1,0;1,0;1,0;1,0;0,0;0,0;0,0;1,0;1,0;0,0;1,0;0,0;0,0;0,0;1,0;1,0;0,0;1,0;1,0;1,0;1,0;0,0;1,0;0,0;1,0;0,0;1,0;1,0;0,0;0,0;0,0;0,0;1,0;0,0;1,0;0,0;1,0;1,0;1,0;0,0;0,0;0,0;0,0;0,0;0,0;0,0;0,021308263763785362;mean_absolute_error;0,9960336656018669;70,0;0,0;0,0;1,0;0,0;0,0;0,0;60,0;0,0;0,0;1,0;0,2;0,0;0,0;;;;;;;;;;;;;;;;;;;;;;;;;;;;;;;;;;;;;;;;;;;;;;;;;;;;;;;;;;;;;;;;;;;;;;;;;;;;;;;;;;;;
3,0;39,0;0,0;1,0;0,0;0,0;0,0;0,0;0,0;64,0;0,0;1,0;0,0;0,0;1,0;0,0;0,0;1,0;31,0;1,0;1,0;0,0;0,0;0,0;0,0;0,0;0,0;0,0;1,0;0,0;0,0;1,0;1,0;1,0;1,0;0,0;0,0;0,0;1,0;1,0;0,0;1,0;0,0;0,0;0,0;1,0;1,0;0,0;1,0;1,0;1,0;1,0;0,0;1,0;0,0;1,0;0,0;1,0;1,0;0,0;0,0;0,0;0,0;1,0;0,0;1,0;0,0;1,0;1,0;1,0;0,0;0,0;0,0;0,0;0,0;0,0;0,0;0,02131662517786026;mean_absolute_error;0,9964245116136753;70,0;0,0;0,0;1,0;4,6914419187981304e-08;0,0;0,0;60,0;0,0;0,0;1,0;0,20000153823996575;0,0;0,0;;;;;;;;;;;;;;;;;;;;;;;;;;;;;;;;;;;;;;;;;;;;;;;;;;;;;;;;;;;;;;;;;;;;;;;;;;;;;;;;;;;;
3,0;39,0;0,0;1,0;0,0;3,676824454484601e-05;0,0;0,0;0,0;64,0;0,0;1,0;0,0;0,0;1,0;0,0;0,0;1,0;31,0;1,0;0,0;0,0;0,0;0,0;0,0;0,0;0,0;0,0;0,0;0,0;0,0;1,0;1,0;0,0;1,0;0,0;0,0;0,0;1,0;1,0;0,0;0,0;0,0;0,0;0,0;1,0;0,0;0,0;1,0;0,0;0,0;0,0;0,0;0,0;0,0;1,0;0,0;1,0;0,0;0,0;0,0;0,0;0,0;1,0;0,0;1,0;0,0;0,0;0,0;1,0;0,0;0,0;0,0;0,0;0,0;0,0;0,0;0,02131209336221218;mean_absolute_error;0,9962126763838401;70,0;1,0;0,0;0,0;2,392351527876262e-05;0,0;0,0;59,0;0,0;1,0;0,0;0,20000055442482984;0,0;0,0;;;;;;;;;;;;;;;;;;;;;;;;;;;;;;;;;;;;;;;;;;;;;;;;;;;;;;;;;;;;;;;;;;;;;;;;;;;;;;;;;;;;
3,0;39,0;0,0;1,0;0,0;6,0641694028033764e-05;0,0;0,0;0,0;64,0;0,0;1,0;0,0;0,0;1,0;0,0;0,0;1,0;31,0;1,0;0,0;0,0;0,0;0,0;0,0;0,0;0,0;0,0;0,0;0,0;0,0;1,0;1,0;0,0;1,0;0,0;0,0;0,0;1,0;1,0;0,0;0,0;0,0;0,0;0,0;1,0;0,0;0,0;1,0;0,0;0,0;0,0;0,0;0,0;0,0;1,0;0,0;1,0;0,0;0,0;0,0;0,0;0,0;1,0;0,0;1,0;0,0;0,0;0,0;1,0;0,0;0,0;0,0;0,0;0,0;0,0;0,0;0,021307576447725296;mean_absolute_error;0,9960015376940128;70,0;1,0;0,0;0,0;4,219767880460793e-05;0,0;0,0;58,0;0,0;1,0;0,0;0,20000406179298388;0,0;0,0;;;;;;;;;;;;;;;;;;;;;;;;;;;;;;;;;;;;;;;;;;;;;;;;;;;;;;;;;;;;;;;;;;;;;;;;;;;;;;;;;;;;
3,0;38,0;0,0;1,0;0,0;0,0;0,0;0,0;0,0;63,0;0,0;1,0;0,0;0,0;1,0;0,0;0,0;1,0;31,0;1,0;0,0;0,0;0,0;0,0;0,0;0,0;0,0;0,0;0,0;0,0;0,0;1,0;1,0;0,0;1,0;0,0;0,0;0,0;1,0;1,0;0,0;0,0;0,0;0,0;0,0;1,0;0,0;0,0;1,0;0,0;0,0;0,0;0,0;0,0;0,0;1,0;0,0;1,0;0,0;0,0;0,0;0,0;0,0;1,0;0,0;1,0;0,0;0,0;0,0;1,0;0,0;0,0;0,0;0,0;0,0;0,0;0,0;0,021314945071935654;mean_absolute_error;0,9963459767278096;70,0;1,0;0,0;0,0;0,0;0,0;0,0;57,0;0,0;1,0;0,0;0,2006904042927884;0,0;0,0;;;;;;;;;;;;;;;;;;;;;;;;;;;;;;;;;;;;;;;;;;;;;;;;;;;;;;;;;;;;;;;;;;;;;;;;;;;;;;;;;;;;
3,0;37,0;0,0;1,0;0,0;0,0;0,0;0,0;0,0;63,0;0,0;1,0;0,0;0,0;1,0;0,0;0,0;1,0;31,0;1,0;0,0;0,0;0,0;0,0;0,0;0,0;0,0;0,0;0,0;0,0;0,0;1,0;1,0;0,0;1,0;0,0;0,0;0,0;1,0;1,0;0,0;0,0;0,0;0,0;0,0;1,0;0,0;0,0;1,0;0,0;0,0;0,0;0,0;0,0;0,0;1,0;0,0;1,0;0,0;0,0;0,0;0,0;0,0;1,0;0,0;1,0;0,0;0,0;0,0;1,0;0,0;0,0;0,0;0,0;0,0;0,0;0,0;0,021313196048140526;mean_absolute_error;0,9962642203444083;69,0;1,0;0,0;0,0;0,0;0,0;0,0;56,0;0,0;1,0;0,0;0,20701787761599666;0,0;0,0;;;;;;;;;;;;;;;;;;;;;;;;;;;;;;;;;;;;;;;;;;;;;;;;;;;;;;;;;;;;;;;;;;;;;;;;;;;;;;;;;;;;
3,0;37,0;1,0;0,0;0,0;0,0;0,0;0,0;0,0;63,0;0,0;1,0;0,0;0,0;1,0;0,0;0,0;1,0;31,0;1,0;0,0;0,0;0,0;0,0;0,0;0,0;0,0;0,0;0,0;0,0;0,0;1,0;1,0;0,0;1,0;0,0;0,0;0,0;1,0;1,0;0,0;0,0;0,0;0,0;0,0;1,0;0,0;0,0;1,0;0,0;0,0;0,0;0,0;0,0;0,0;1,0;0,0;1,0;0,0;0,0;0,0;0,0;0,0;1,0;0,0;1,0;0,0;0,0;0,0;1,0;0,0;0,0;0,0;0,0;0,0;0,0;0,0;0,021308019757270813;mean_absolute_error;0,9960222597592412;69,0;1,0;0,0;0,0;0,0;0,0;0,0;55,0;0,0;1,0;0,0;0,21480556599523704;0,0;0,0;;;;;;;;;;;;;;;;;;;;;;;;;;;;;;;;;;;;;;;;;;;;;;;;;;;;;;;;;;;;;;;;;;;;;;;;;;;;;;;;;;;;
3,0;37,0;0,0;1,0;0,0;0,0;0,0;0,0;0,0;63,0;0,0;1,0;0,0;0,0;1,0;0,0;0,0;1,0;31,0;1,0;0,0;0,0;0,0;0,0;0,0;0,0;0,0;0,0;0,0;0,0;0,0;1,0;1,0;0,0;1,0;0,0;0,0;0,0;1,0;1,0;0,0;0,0;0,0;0,0;0,0;1,0;0,0;0,0;1,0;0,0;0,0;0,0;0,0;0,0;0,0;1,0;0,0;1,0;0,0;0,0;0,0;0,0;0,0;1,0;0,0;1,0;0,0;0,0;0,0;1,0;0,0;0,0;0,0;0,0;0,0;0,0;0,0;0,02131272666156292;mean_absolute_error;0,9962422793341665;69,0;1,0;0,0;0,0;0,0;0,0;0,0;54,0;0,0;1,0;0,0;0,22254048593640385;0,0;0,0;;;;;;;;;;;;;;;;;;;;;;;;;;;;;;;;;;;;;;;;;;;;;;;;;;;;;;;;;;;;;;;;;;;;;;;;;;;;;;;;;;;;
3,0;37,0;0,0;1,0;0,0;0,0;0,0;0,0;0,0;63,0;0,0;1,0;0,0;0,0;1,0;0,0;0,0;1,0;31,0;1,0;0,0;0,0;0,0;0,0;0,0;0,0;0,0;0,0;0,0;0,0;0,0;1,0;1,0;0,0;1,0;0,0;0,0;0,0;1,0;1,0;0,0;0,0;0,0;0,0;0,0;1,0;0,0;0,0;1,0;0,0;0,0;0,0;0,0;0,0;0,0;1,0;0,0;1,0;0,0;0,0;0,0;0,0;0,0;1,0;0,0;1,0;0,0;0,0;0,0;1,0;0,0;0,0;0,0;0,0;0,0;0,0;0,0;0,02130315452814102;mean_absolute_error;0,9957948394467343;69,0;1,0;0,0;0,0;0,0;0,0;0,0;54,0;0,0;1,0;0,0;0,22254048593640385;0,0;0,0;;;;;;;;;;;;;;;;;;;;;;;;;;;;;;;;;;;;;;;;;;;;;;;;;;;;;;;;;;;;;;;;;;;;;;;;;;;;;;;;;;;;
3,0;36,0;1,0;0,0;0,0;0,0;0,0;0,0;0,0;63,0;0,0;1,0;0,0;0,0;1,0;0,0;0,0;1,0;31,0;1,0;0,0;0,0;0,0;0,0;0,0;0,0;0,0;0,0;0,0;0,0;0,0;1,0;1,0;0,0;1,0;0,0;0,0;0,0;1,0;1,0;0,0;0,0;0,0;0,0;0,0;1,0;0,0;0,0;1,0;0,0;0,0;0,0;0,0;0,0;0,0;1,0;0,0;1,0;0,0;0,0;0,0;0,0;0,0;1,0;0,0;1,0;0,0;0,0;0,0;1,0;0,0;0,0;0,0;0,0;0,0;0,0;0,0;0,021308552473783493;mean_absolute_error;0,9960471610645156;69,0;1,0;0,0;0,0;0,0;0,0;0,0;53,0;0,0;1,0;0,0;0,0;0,0;0,0;;;;;;;;;;;;;;;;;;;;;;;;;;;;;;;;;;;;;;;;;;;;;;;;;;;;;;;;;;;;;;;;;;;;;;;;;;;;;;;;;;;;
4,0;36,0;1,0;0,0;0,0;0,10606089649604271;0,0;0,0;0,0;62,0;0,0;1,0;0,0;0,0;1,0;0,0;0,0;1,0;30,0;1,0;0,0;0,0;0,0;0,0;0,0;0,0;0,0;0,0;0,0;0,0;0,0;1,0;1,0;0,0;1,0;0,0;0,0;0,0;1,0;1,0;0,0;0,0;0,0;0,0;0,0;1,0;0,0;0,0;1,0;0,0;0,0;0,0;0,0;0,0;0,0;1,0;0,0;1,0;0,0;0,0;0,0;0,0;0,0;1,0;0,0;1,0;0,0;0,0;0,0;1,0;0,0;0,0;0,0;0,0;0,0;0,0;0,0;0,02131715603172779;mean_absolute_error;0,9964493258514487;68,0;0,0;0,0;1,0;0,13341415420444147;0,0;0,0;52,0;0,0;1,0;0,0;0,0;0,0;0,0;60,0;1,0;0,0;0,0;0,2;0,0;0,0;;;;;;;;;;;;;;;;;;;;;;;;;;;;;;;;;;;;;;;;;;;;;;;;;;;;;;;;;;;;;;;;;;;;;;;;;;;;;
5,0;36,0;1,0;0,0;0,0;0,21199218506604128;0,0;0,0;0,0;61,0;0,0;1,0;0,0;0,0;1,0;0,0;1,0;0,0;29,0;1,0;0,0;0,0;0,0;0,0;0,0;0,0;0,0;0,0;0,0;0,0;0,0;1,0;1,0;0,0;1,0;0,0;0,0;0,0;1,0;1,0;0,0;0,0;0,0;0,0;0,0;1,0;0,0;0,0;1,0;0,0;0,0;0,0;0,0;0,0;0,0;1,0;0,0;1,0;0,0;0,0;0,0;0,0;0,0;1,0;0,0;1,0;0,0;0,0;0,0;1,0;0,0;0,0;0,0;0,0;0,0;0,0;0,0;0,001067171455360949;mean_squared_error;1,0006771165915032;67,0;0,0;0,0;1,0;0,2666974027731045;0,0;0,0;51,0;0,0;1,0;0,0;0,0;0,0;0,0;59,0;1,0;0,0;0,0;0,19982309755005523;0,0;0,0;60,0;0,0;1,0;0,0;0,2;0,0;0,0;;;;;;;;;;;;;;;;;;;;;;;;;;;;;;;;;;;;;;;;;;;;;;;;;;;;;;;;;;;;;;;;;;;;;;
6,0;36,0;1,0;0,0;0,0;0,32971237099848255;0,0;0,0;0,0;60,0;0,0;1,0;0,0;0,0;1,0;0,0;1,0;0,0;28,0;1,0;0,0;0,0;0,0;0,0;0,0;0,0;0,0;0,0;0,0;0,0;0,0;1,0;1,0;0,0;1,0;0,0;0,0;0,0;1,0;1,0;0,0;0,0;0,0;0,0;0,0;1,0;0,0;0,0;1,0;0,0;0,0;0,0;0,0;0,0;0,0;1,0;0,0;1,0;0,0;0,0;0,0;0,0;0,0;1,0;0,0;1,0;0,0;0,0;0,0;1,0;0,0;0,0;0,0;0,0;0,0;0,0;0,0;0,0010654475772753358;mean_squared_error;0,9990606515488888;66,0;0,0;0,0;1,0;0,40601530729536184;0,0;0,0;50,0;1,0;0,0;0,0;0,0;0,0;0,0;58,0;1,0;0,0;0,0;0,1996410708916783;0,0;0,0;59,0;0,0;1,0;0,0;0,19980118285854845;0,0;0,0;60,0;0,0;1,0;0,0;0,2;0,0;0,0;;;;;;;;;;;;;;;;;;;;;;;;;;;;;;;;;;;;;;;;;;;;;;;;;;;;;;;;;;;;;;;
7,0;36,0;1,0;0,0;0,0;0,4498410636749817;0,0;0,0;0,0;59,0;0,0;1,0;0,0;0,0;1,0;0,0;1,0;0,0;27,0;1,0;0,0;0,0;0,0;0,0;0,0;0,0;0,0;0,0;0,0;0,0;0,0;1,0;1,0;0,0;1,0;0,0;0,0;0,0;1,0;1,0;0,0;0,0;0,0;0,0;0,0;1,0;0,0;0,0;1,0;0,0;0,0;0,0;0,0;0,0;0,0;1,0;0,0;1,0;0,0;0,0;0,0;0,0;0,0;1,0;0,0;1,0;0,0;0,0;0,0;1,0;0,0;0,0;0,0;0,0;0,0;0,0;0,0;0,0010657120728865266;mean_squared_error;0,9993086667148005;65,0;0,0;0,0;1,0;0,5;0,0;0,0;49,0;1,0;0,0;0,0;0,0;0,0;0,0;57,0;0,0;1,0;0,0;0,19945657503400965;0,0;0,0;58,0;0,0;1,0;0,0;0,1996047112060538;0,0;0,0;59,0;0,0;1,0;0,0;0,19986620157354484;0,0;0,0;60,0;0,0;0,0;1,0;0,2;0,0;0,0;;;;;;;;;;;;;;;;;;;;;;;;;;;;;;;;;;;;;;;;;;;;;;;;;;;;;;;;
8,0;36,0;1,0;0,0;0,0;0,5;0,0;0,0;0,0;58,0;0,0;1,0;0,0;0,0;1,0;0,0;1,0;0,0;26,0;1,0;0,0;0,0;0,0;0,0;0,0;0,0;0,0;0,0;0,0;0,0;0,0;1,0;1,0;0,0;1,0;0,0;0,0;0,0;1,0;1,0;0,0;0,0;0,0;0,0;0,0;1,0;0,0;0,0;1,0;0,0;0,0;0,0;0,0;0,0;0,0;1,0;0,0;1,0;0,0;0,0;0,0;0,0;0,0;1,0;0,0;1,0;0,0;0,0;0,0;1,0;0,0;0,0;0,0;0,0;0,0;0,0;0,0;0,0010654120706021786;mean_squared_error;0,9990273572594509;64,0;0,0;0,0;1,0;0,5;0,0;0,0;48,0;0,0;1,0;0,0;0,0;0,0;0,0;56,0;1,0;0,0;0,0;0,1992697857480556;0,0;0,0;57,0;0,0;1,0;0,0;0,1994087250643743;0,0;0,0;58,0;0,0;1,0;0,0;0,19973024036334375;0,0;0,0;59,0;0,0;1,0;0,0;0,19987158386522674;0,0;0,0;60,0;0,0;0,0;1,0;0,2;0,0;0,0;;;;;;;;;;;;;;;;;;;;;;;;;;;;;;;;;;;;;;;;;;;;;;;;;
9,0;36,0;1,0;0,0;0,0;0,5;0,0;0,0;0,0;57,0;0,0;1,0;0,0;0,0;1,0;0,0;1,0;0,0;25,0;1,0;0,0;0,0;0,0;0,0;0,0;0,0;0,0;0,0;0,0;0,0;0,0;1,0;1,0;0,0;1,0;0,0;0,0;0,0;1,0;1,0;0,0;0,0;0,0;0,0;0,0;1,0;0,0;0,0;1,0;0,0;0,0;0,0;0,0;0,0;0,0;1,0;0,0;1,0;0,0;0,0;0,0;0,0;0,0;1,0;0,0;1,0;0,0;0,0;0,0;1,0;0,0;0,0;0,0;0,0;0,0;0,0;0,0;0,0010658294195309281;mean_squared_error;0,9994187016123528;63,0;0,0;0,0;1,0;0,5;0,0;0,0;47,0;0,0;1,0;0,0;0,0;0,0;0,0;55,0;0,0;0,0;1,0;0,19908116702128606;0,0;0,0;56,0;0,0;1,0;0,0;0,19921224123643214;0,0;0,0;57,0;0,0;1,0;0,0;0,19959241965743452;0,0;0,0;58,0;1,0;0,0;0,0;0,19974137713222193;0,0;0,0;59,0;0,0;1,0;0,0;0,199891557657166;0,0;0,0;60,0;0,0;0,0;1,0;0,2;0,0;0,0;;;;;;;;;;;;;;;;;;;;;;;;;;;;;;;;;;;;;;;;;;
10,0;36,0;1,0;0,0;0,0;0,5;0,0;0,0;0,0;56,0;0,0;1,0;0,0;0,0;1,0;0,0;1,0;0,0;24,0;1,0;0,0;0,0;0,0;0,0;0,0;0,0;0,0;0,0;0,0;0,0;0,0;1,0;1,0;0,0;1,0;0,0;0,0;0,0;1,0;1,0;0,0;0,0;0,0;0,0;0,0;1,0;0,0;0,0;1,0;0,0;0,0;0,0;0,0;0,0;0,0;1,0;0,0;1,0;0,0;0,0;0,0;0,0;0,0;1,0;0,0;1,0;0,0;0,0;0,0;1,0;0,0;0,0;0,0;0,0;0,0;0,0;0,0;0,0010816305875778198;mean_squared_error;1,0142353153818744;62,0;0,0;0,0;1,0;0,5;0,0;0,0;46,0;0,0;0,0;1,0;0,0;0,0;0,0;54,0;1,0;0,0;0,0;0,19889025008229647;0,0;0,0;55,0;0,0;1,0;0,0;0,19901476074597071;0,0;0,0;56,0;0,0;1,0;0,0;0,1994524010343788;0,0;0,0;57,0;0,0;0,0;1,0;0,1996091088672745;0,0;0,0;58,0;1,0;0,0;0,0;0,199781005002718;0,0;0,0;59,0;0,0;0,0;1,0;0,19986856985737156;0,0;0,0;60,0;1,0;0,0;0,0;0,2;0,0;0,0;;;;;;;;;;;;;;;;;;;;;;;;;;;;;;;;;;;
11,0;36,0;1,0;0,0;0,0;0,5;0,0;0,0;0,0;55,0;0,0;1,0;0,0;0,0;1,0;0,0;1,0;0,0;23,0;1,0;0,0;0,0;0,0;0,0;0,0;0,0;0,0;0,0;0,0;0,0;0,0;1,0;1,0;0,0;1,0;0,0;0,0;0,0;1,0;1,0;0,0;0,0;0,0;0,0;0,0;1,0;0,0;0,0;1,0;0,0;0,0;0,0;0,0;0,0;0,0;1,0;0,0;1,0;0,0;0,0;0,0;0,0;0,0;1,0;0,0;1,0;0,0;0,0;0,0;1,0;0,0;0,0;0,0;0,0;0,0;0,0;0,0;0,0010685139568522573;mean_squared_error;1,001935968217072;61,0;0,0;0,0;1,0;0,5;0,0;0,0;45,0;0,0;0,0;1,0;0,0;0,0;0,0;53,0;1,0;0,0;0,0;0,19869392299544472;0,0;0,0;54,0;0,0;1,0;0,0;0,1988237147718324;0,0;0,0;55,0;0,0;1,0;0,0;0,19930732123294626;0,0;0,0;56,0;1,0;0,0;0,0;0,19947246918563674;0,0;0,0;57,0;0,0;0,0;1,0;0,19966675386992228;0,0;0,0;58,0;0,0;1,0;0,0;0,19973267998506186;0,0;0,0;59,0;0,0;1,0;0,0;0,19972723139133358;0,0;0,0;60,0;1,0;0,0;0,0;0,2;0,0;0,0;;;;;;;;;;;;;;;;;;;;;;;;;;;;
11,0;36,0;1,0;0,0;0,0;0,5;0,0;0,0;0,0;55,0;0,0;1,0;0,0;0,0;1,0;0,0;1,0;0,0;23,0;1,0;0,0;0,0;0,0;0,0;0,0;0,0;0,0;0,0;0,0;0,0;0,0;1,0;1,0;0,0;1,0;0,0;0,0;0,0;1,0;1,0;0,0;0,0;0,0;0,0;0,0;1,0;0,0;0,0;1,0;0,0;0,0;0,0;0,0;0,0;0,0;1,0;0,0;1,0;0,0;0,0;0,0;0,0;0,0;1,0;0,0;1,0;0,0;0,0;0,0;1,0;0,0;0,0;0,0;0,0;0,0;0,0;0,0;0,001066221040673554;mean_squared_error;0,9997859212506128;61,0;0,0;0,0;1,0;0,5;0,0;0,0;45,0;0,0;0,0;1,0;0,0;0,0;0,0;53,0;1,0;0,0;0,0;0,19869392299544472;0,0;0,0;54,0;0,0;1,0;0,0;0,1988237147718324;0,0;0,0;55,0;0,0;1,0;0,0;0,19930732123294626;0,0;0,0;56,0;1,0;0,0;0,0;0,19947246918563674;0,0;0,0;57,0;0,0;0,0;1,0;0,19966675386992228;0,0;0,0;58,0;0,0;1,0;0,0;0,19973267998506186;0,0;0,0;59,0;0,0;1,0;0,0;0,19972723139133358;0,0;0,0;60,0;1,0;0,0;0,0;0,2;0,0;0,0;;;;;;;;;;;;;;;;;;;;;;;;;;;;
12,0;36,0;1,0;0,0;0,0;0,5;0,0;0,0;0,0;54,0;0,0;1,0;0,0;0,0;1,0;0,0;1,0;0,0;22,0;1,0;0,0;0,0;0,0;0,0;0,0;0,0;0,0;0,0;0,0;0,0;0,0;1,0;1,0;0,0;1,0;0,0;0,0;0,0;1,0;1,0;0,0;0,0;0,0;0,0;0,0;1,0;0,0;0,0;1,0;0,0;0,0;0,0;0,0;0,0;0,0;1,0;0,0;1,0;0,0;0,0;0,0;0,0;0,0;1,0;0,0;1,0;0,0;0,0;0,0;1,0;0,0;0,0;0,0;0,0;0,0;0,0;0,0;0,0010659012477844954;mean_squared_error;0,9994860543224617;60,0;0,0;0,0;1,0;0,5;0,0;0,0;44,0;0,0;0,0;1,0;0,0;0,0;0,0;52,0;0,0;1,0;0,0;0,19849651386039258;0,0;0,0;53,0;1,0;0,0;0,0;0,1986319893886421;0,0;0,0;54,0;1,0;0,0;0,0;0,19916118647141298;0,0;0,0;55,0;1,0;0,0;0,0;0,19933479418046654;0,0;0,0;56,0;0,0;1,0;0,0;0,19955155019399204;0,0;0,0;57,0;0,0;0,0;1,0;0,19959579026166563;0,0;0,0;58,0;0,0;1,0;0,0;0,19945344744792803;0,0;0,0;59,0;1,0;0,0;0,0;0,19993817923389995;0,0;0,0;60,0;0,0;0,0;1,0;0,2;0,0;0,0;;;;;;;;;;;;;;;;;;;;;
13,0;36,0;1,0;0,0;0,0;0,5;0,0;0,0;0,0;53,0;0,0;1,0;0,0;0,0;1,0;0,0;1,0;0,0;21,0;1,0;0,0;0,0;0,0;0,0;0,0;0,0;0,0;0,0;0,0;0,0;0,0;1,0;1,0;0,0;1,0;0,0;0,0;0,0;1,0;1,0;0,0;0,0;0,0;0,0;0,0;1,0;0,0;0,0;1,0;0,0;0,0;0,0;0,0;0,0;0,0;1,0;0,0;1,0;0,0;0,0;0,0;0,0;0,0;1,0;0,0;1,0;0,0;0,0;0,0;1,0;0,0;0,0;0,0;0,0;0,0;0,0;0,0;0,0010655506048351526;mean_squared_error;0,9991572595690613;59,0;0,0;0,0;1,0;0,5;0,0;0,0;43,0;0,0;0,0;1,0;0,0;0,0;0,0;51,0;0,0;0,0;1,0;0,1982968774956484;0,0;0,0;52,0;1,0;0,0;0,0;0,19843749829697607;0,0;0,0;53,0;1,0;0,0;0,0;0,19901285158027457;0,0;0,0;54,0;1,0;0,0;0,0;0,19919502059311037;0,0;0,0;55,0;0,0;1,0;0,0;0,1994340609601333;0,0;0,0;56,0;0,0;0,0;1,0;0,19945694073153694;0,0;0,0;57,0;0,0;1,0;0,0;0,19917765374944185;0,0;0,0;58,0;0,0;1,0;0,0;0,1998741852989893;0,0;0,0;59,0;0,0;1,0;0,0;0,1998708930963765;0,0;0,0;60,0;0,0;1,0;0,0;0,2;0,0;0,0;;;;;;;;;;;;;;
14,0;36,0;1,0;0,0;0,0;0,5;0,0;0,0;0,0;52,0;0,0;1,0;0,0;0,0;1,0;0,0;1,0;0,0;20,0;1,0;0,0;0,0;0,0;0,0;0,0;0,0;0,0;0,0;0,0;0,0;0,0;1,0;1,0;0,0;1,0;0,0;0,0;0,0;1,0;1,0;0,0;0,0;0,0;0,0;0,0;1,0;0,0;0,0;1,0;0,0;0,0;0,0;0,0;0,0;0,0;1,0;0,0;1,0;0,0;0,0;0,0;0,0;0,0;1,0;0,0;1,0;0,0;0,0;0,0;1,0;0,0;0,0;0,0;0,0;0,0;0,0;0,0;0,0010671638883650303;mean_squared_error;1,0006700210871966;58,0;0,0;0,0;1,0;0,5;0,0;0,0;42,0;0,0;0,0;1,0;0,0;0,0;0,0;50,0;0,0;0,0;1,0;0,19809487837043782;0,0;0,0;51,0;0,0;0,0;1,0;0,19824005936645023;0,0;0,0;52,0;0,0;1,0;0,0;0,19886218328199892;0,0;0,0;53,0;1,0;0,0;0,0;0,19905287327047924;0,0;0,0;54,0;0,0;1,0;0,0;0,1993142574491227;0,0;0,0;55,0;0,0;0,0;1,0;0,19931586731860745;0,0;0,0;56,0;0,0;0,0;1,0;0,198899731738433;0,0;0,0;57,0;0,0;0,0;1,0;0,19980792388796892;0,0;0,0;58,0;0,0;0,0;1,0;0,1997395576089131;0,0;0,0;59,0;0,0;0,0;1,0;0,1998629314250019;0,0;0,0;60,0;0,0;1,0;0,0;0,2;0,0;0,0;;;;;;;
15,0;36,0;1,0;0,0;0,0;0,5;0,0;0,0;0,0;51,0;0,0;1,0;0,0;0,0;1,0;0,0;1,0;0,0;19,0;1,0;0,0;0,0;0,0;0,0;0,0;0,0;0,0;0,0;0,0;0,0;0,0;1,0;1,0;0,0;1,0;0,0;0,0;0,0;1,0;1,0;0,0;0,0;0,0;0,0;0,0;1,0;0,0;0,0;1,0;0,0;0,0;0,0;0,0;0,0;0,0;1,0;0,0;1,0;0,0;0,0;0,0;0,0;0,0;1,0;0,0;1,0;0,0;0,0;0,0;1,0;0,0;0,0;0,0;0,0;0,0;0,0;0,0;0,0010665396694093943;mean_squared_error;1,0000846965627168;57,0;0,0;0,0;1,0;0,5;0,0;0,0;41,0;0,0;0,0;1,0;0,0;0,0;0,0;49,0;0,0;1,0;0,0;0,1978902012011425;0,0;0,0;50,0;0,0;1,0;0,0;0,19804011634153948;0,0;0,0;51,0;0,0;0,0;1,0;0,198708927960533;0,0;0,0;52,0;1,0;0,0;0,0;0,1989081421092697;0,0;0,0;53,0;0,0;1,0;0,0;0,19919190249846275;0,0;0,0;54,0;0,0;1,0;0,0;0,19917229858974006;0,0;0,0;55,0;1,0;0,0;0,0;0,1986194495660447;0,0;0,0;56,0;1,0;0,0;0,0;0,19973914767317674;0,0;0,0;57,0;0,0;1,0;0,0;0,19960576101307945;0,0;0,0;58,0;1,0;0,0;0,0;0,1997233645976873;0,0;0,0;59,0;1,0;0,0;0,0;0,19985067202339535;0,0;0,0;60,0;0,0;1,0;0,0;0,2;0,0;0,0
15,0;36,0;1,0;0,0;0,0;0,5;0,0;0,0;0,0;50,0;0,0;1,0;0,0;0,0;1,0;0,0;1,0;0,0;18,0;1,0;0,0;0,0;0,0;0,0;0,0;0,0;0,0;0,0;0,0;0,0;0,0;1,0;1,0;0,0;1,0;0,0;0,0;0,0;1,0;1,0;0,0;0,0;0,0;0,0;0,0;1,0;0,0;0,0;1,0;0,0;0,0;0,0;0,0;0,0;0,0;1,0;0,0;1,0;0,0;0,0;0,0;0,0;0,0;1,0;0,0;1,0;0,0;0,0;0,0;1,0;0,0;0,0;0,0;0,0;0,0;0,0;0,0;0,0010655052028596401;mean_squared_error;0,9991146865432226;56,0;0,0;0,0;1,0;0,5;0,0;0,0;40,0;0,0;0,0;1,0;0,0;0,0;0,0;48,0;1,0;0,0;0,0;0,1976829898992373;0,0;0,0;49,0;0,0;0,0;1,0;0,19783759693606975;0,0;0,0;50,0;1,0;0,0;0,0;0,1985531434942371;0,0;0,0;51,0;1,0;0,0;0,0;0,19876098524743382;0,0;0,0;52,0;0,0;1,0;0,0;0,1990670617105662;0,0;0,0;53,0;0,0;0,0;1,0;0,19902627262688294;0,0;0,0;54,0;1,0;0,0;0,0;0,19833700733786577;0,0;0,0;55,0;1,0;0,0;0,0;0,19966809020933365;0,0;0,0;56,0;1,0;0,0;0,0;0,19946961674121566;0,0;0,0;57,0;0,0;0,0;1,0;0,1995815289123925;0,0;0,0;58,0;0,0;1,0;0,0;0,1996988567358742;0,0;0,0;59,0;0,0;0,0;1,0;0,19985996611779616;0,0;0,0
15,0;36,0;1,0;0,0;0,0;0,5;0,0;0,0;0,0;49,0;0,0;1,0;0,0;0,0;1,0;0,0;1,0;0,0;17,0;1,0;0,0;0,0;0,0;0,0;0,0;0,0;0,0;0,0;0,0;0,0;0,0;1,0;1,0;0,0;1,0;0,0;0,0;0,0;1,0;1,0;0,0;0,0;0,0;0,0;0,0;1,0;0,0;0,0;1,0;0,0;0,0;0,0;0,0;0,0;0,0;1,0;0,0;1,0;0,0;0,0;0,0;0,0;0,0;1,0;0,0;1,0;0,0;0,0;0,0;1,0;0,0;0,0;0,0;0,0;0,0;0,0;0,0;0,001065542921423912;mean_squared_error;0,9991500549031501;55,0;0,0;0,0;1,0;0,5;0,0;0,0;39,0;0,0;0,0;1,0;0,0;0,0;0,0;47,0;0,0;1,0;0,0;0,19718862933246906;0,0;0,0;48,0;0,0;1,0;0,0;0,1973436218487897;0,0;0,0;49,0;1,0;0,0;0,0;0,1981108668132353;0,0;0,0;50,0;0,0;1,0;0,0;0,19832282857299866;0,0;0,0;51,0;1,0;0,0;0,0;0,19867069562186615;0,0;0,0;52,0;0,0;1,0;0,0;0,19860695343281054;0,0;0,0;53,0;0,0;0,0;1,0;0,19780148942422138;0,0;0,0;54,0;1,0;0,0;0,0;0,19931803328459294;0,0;0,0;55,0;0,0;0,0;1,0;0,19908102095626398;0,0;0,0;56,0;1,0;0,0;0,0;0,19918347854266202;0,0;0,0;57,0;0,0;0,0;1,0;0,19930845706432027;0,0;0,0;58,0;0,0;1,0;0,0;0,19942198673367006;0,0;0,0
15,0;36,0;1,0;0,0;0,0;0,5;0,0;0,0;0,0;48,0;0,0;1,0;0,0;0,0;1,0;0,0;1,0;0,0;16,0;1,0;0,0;0,0;0,0;0,0;0,0;0,0;0,0;0,0;0,0;0,0;0,0;1,0;1,0;0,0;1,0;0,0;0,0;0,0;1,0;1,0;0,0;0,0;0,0;0,0;0,0;1,0;0,0;0,0;1,0;0,0;0,0;0,0;0,0;0,0;0,0;1,0;0,0;1,0;0,0;0,0;0,0;0,0;0,0;1,0;0,0;1,0;0,0;0,0;0,0;1,0;0,0;0,0;0,0;0,0;0,0;0,0;0,0;0,0010673888027668;mean_squared_error;1,0008809213075054;54,0;0,0;0,0;1,0;0,5;0,0;0,0;38,0;0,0;0,0;1,0;0,0;0,0;0,0;46,0;0,0;1,0;0,0;0,1953856149621823;0,0;0,0;47,0;0,0;1,0;0,0;0,19556855717322677;0,0;0,0;48,0;1,0;0,0;0,0;0,1963855287870586;0,0;0,0;49,0;0,0;0,0;1,0;0,196626583296601;0,0;0,0;50,0;0,0;0,0;1,0;0,19702471665486776;0,0;0,0;51,0;0,0;1,0;0,0;0,19693001633130194;0,0;0,0;52,0;0,0;1,0;0,0;0,19613238876441394;0,0;0,0;53,0;1,0;0,0;0,0;0,19775216067833812;0,0;0,0;54,0;1,0;0,0;0,0;0,19752819652372502;0,0;0,0;55,0;1,0;0,0;0,0;0,19761545551575044;0,0;0,0;56,0;0,0;0,0;1,0;0,1978049678221245;0,0;0,0;57,0;0,0;1,0;0,0;0,1978516717691664;0,0;0,0
15,0;36,0;1,0;0,0;0,0;0,5;0,0;0,0;0,0;47,0;0,0;1,0;0,0;0,0;1,0;0,0;1,0;0,0;15,0;1,0;0,0;0,0;0,0;0,0;0,0;0,0;0,0;0,0;0,0;0,0;0,0;1,0;1,0;0,0;1,0;0,0;0,0;0,0;1,0;1,0;0,0;0,0;0,0;0,0;0,0;1,0;0,0;0,0;1,0;0,0;0,0;0,0;0,0;0,0;0,0;1,0;0,0;1,0;0,0;0,0;0,0;0,0;0,0;1,0;0,0;1,0;0,0;0,0;0,0;1,0;0,0;0,0;0,0;0,0;0,0;0,0;0,0;0,0010654071811586618;mean_squared_error;0,9990227724720528;53,0;0,0;0,0;1,0;0,5;0,0;0,0;37,0;0,0;0,0;1,0;0,0;0,0;0,0;45,0;0,0;1,0;0,0;0,19200714030116348;0,0;0,0;46,0;1,0;0,0;0,0;0,19225115793768954;0,0;0,0;47,0;0,0;1,0;0,0;0,1931151163139187;0,0;0,0;48,0;0,0;1,0;0,0;0,19343412772979465;0,0;0,0;49,0;0,0;0,0;1,0;0,19384521888373438;0,0;0,0;50,0;0,0;1,0;0,0;0,1937689023979859;0,0;0,0;51,0;0,0;0,0;1,0;0,19307857751931393;0,0;0,0;52,0;1,0;0,0;0,0;0,1947705590993696;0,0;0,0;53,0;0,0;1,0;0,0;0,19452504707010806;0,0;0,0;54,0;0,0;1,0;0,0;0,19467830549338613;0,0;0,0;55,0;1,0;0,0;0,0;0,1948837867853303;0,0;0,0;56,0;1,0;0,0;0,0;0,19501147409280556;0,0;0,0
14,0;46,0;1,0;0,0;0,0;0,0;0,0;0,0;0,0;37,0;0,0;0,0;1,0;0,0;1,0;0,0;0,0;1,0;5,0;0,0;1,0;1,0;1,0;0,0;0,0;0,0;0,0;0,0;0,0;0,0;0,0;1,0;1,0;0,0;1,0;0,0;0,0;0,0;1,0;1,0;0,0;0,0;0,0;0,0;0,0;1,0;0,0;0,0;1,0;0,0;0,0;0,0;0,0;0,0;0,0;1,0;0,0;1,0;0,0;0,0;0,0;0,0;0,0;1,0;0,0;1,0;0,0;0,0;0,0;1,0;0,0;0,0;0,0;0,0;0,0;0,0;0,0;0,021309763193130493;mean_absolute_error;0,9961037549401395;43,0;1,0;0,0;0,0;0,0;0,0;0,0;27,0;0,0;0,0;1,0;0,0;0,0;0,0;55,0;1,0;0,0;0,0;0,5;0,0;0,0;56,0;1,0;0,0;0,0;0,5;0,0;0,0;57,0;0,0;1,0;0,0;0,5;0,0;0,0;58,0;0,0;1,0;0,0;0,0;0,0;0,0;59,0;0,0;0,0;1,0;0,5;0,0;0,0;60,0;0,0;1,0;0,0;0,0;0,0;0,0;61,0;0,0;0,0;1,0;0,0;0,0;0,0;62,0;1,0;0,0;0,0;0,5;0,0;0,0;63,0;1,0;0,0;0,0;0,5;0,0;0,0;64,0;0,0;1,0;0,0;0,5;0,0;0,0;65,0;0,0;0,0;1,0;0,0;0,0;0,0;;;;;;;
14,0;46,0;1,0;0,0;0,0;0,0;0,0;0,0;0,0;37,0;0,0;0,0;1,0;0,0;1,0;0,0;0,0;1,0;5,0;0,0;1,0;1,0;1,0;0,0;0,0;0,0;0,0;0,0;0,0;0,0;0,0;1,0;1,0;0,0;1,0;0,0;0,0;0,0;1,0;1,0;0,0;0,0;0,0;0,0;0,0;1,0;0,0;0,0;1,0;0,0;0,0;0,0;0,0;0,0;0,0;1,0;0,0;1,0;0,0;0,0;0,0;0,0;0,0;1,0;0,0;1,0;0,0;0,0;0,0;1,0;0,0;0,0;0,0;0,0;0,0;0,0;0,0;0,021729223430156708;mean_absolute_error;1,0157110078862719;43,0;1,0;0,0;0,0;0,0;0,0;0,0;27,0;0,0;0,0;1,0;0,0;0,0;0,0;55,0;1,0;0,0;0,0;0,5;0,0;0,0;56,0;1,0;0,0;0,0;0,5;0,0;0,0;57,0;0,0;1,0;0,0;0,5;0,0;0,0;58,0;0,0;1,0;0,0;0,0;0,0;0,0;59,0;0,0;0,0;1,0;0,5;0,0;0,0;60,0;0,0;1,0;0,0;0,0;0,0;0,0;61,0;0,0;0,0;1,0;0,0;0,0;0,0;62,0;1,0;0,0;0,0;0,5;0,0;0,0;63,0;1,0;0,0;0,0;0,5;0,0;0,0;64,0;0,0;1,0;0,0;0,5;0,0;0,0;65,0;0,0;0,0;1,0;0,0;0,0;0,0;;;;;;;
14,0;46,0;1,0;0,0;0,0;0,0;0,0;0,0;0,0;37,0;0,0;0,0;1,0;0,0;1,0;0,0;0,0;1,0;5,0;0,0;1,0;1,0;1,0;0,0;0,0;0,0;0,0;0,0;0,0;0,0;0,0;1,0;1,0;0,0;1,0;0,0;0,0;0,0;1,0;1,0;0,0;0,0;0,0;0,0;0,0;1,0;0,0;0,0;1,0;0,0;0,0;0,0;0,0;0,0;0,0;1,0;0,0;1,0;0,0;0,0;0,0;0,0;0,0;1,0;0,0;1,0;0,0;0,0;0,0;1,0;0,0;0,0;0,0;0,0;0,0;0,0;0,0;0,02226506732404232;mean_absolute_error;1,0407584994948726;43,0;1,0;0,0;0,0;0,0;0,0;0,0;27,0;0,0;0,0;1,0;0,0;0,0;0,0;55,0;1,0;0,0;0,0;0,5;0,0;0,0;56,0;1,0;0,0;0,0;0,5;0,0;0,0;57,0;0,0;1,0;0,0;0,5;0,0;0,0;58,0;0,0;1,0;0,0;0,0;0,0;0,0;59,0;0,0;0,0;1,0;0,5;0,0;0,0;60,0;0,0;1,0;0,0;0,0;0,0;0,0;61,0;0,0;0,0;1,0;0,0;0,0;0,0;62,0;1,0;0,0;0,0;0,5;0,0;0,0;63,0;1,0;0,0;0,0;0,5;0,0;0,0;64,0;0,0;1,0;0,0;0,5;0,0;0,0;65,0;0,0;0,0;1,0;0,0;0,0;0,0;;;;;;;
15,0;46,0;1,0;0,0;0,0;0,23866340983677398;0,0;0,0;0,0;37,0;0,0;1,0;0,0;0,0;1,0;0,0;1,0;0,0;5,0;0,0;1,0;0,0;0,0;0,0;0,0;0,0;0,0;0,0;0,0;0,0;0,0;1,0;1,0;0,0;1,0;0,0;0,0;0,0;1,0;1,0;0,0;0,0;0,0;0,0;0,0;1,0;0,0;0,0;1,0;0,0;0,0;0,0;0,0;0,0;0,0;1,0;0,0;1,0;0,0;0,0;0,0;0,0;0,0;1,0;0,0;1,0;0,0;0,0;0,0;1,0;0,0;0,0;0,0;0,0;0,0;0,0;0,0;0,0010659386171028018;mean_squared_error;0,9995210951975751;43,0;0,0;0,0;1,0;0,26190942786160404;0,0;0,0;27,0;0,0;0,0;1,0;0,0;0,0;0,0;55,0;1,0;0,0;0,0;0,42458198531380237;0,0;0,0;56,0;1,0;0,0;0,0;0,42454941929805223;0,0;0,0;57,0;0,0;1,0;0,0;0,42476635611640323;0,0;0,0;58,0;1,0;0,0;0,0;0,05141968798079554;0,0;0,0;59,0;0,0;1,0;0,0;0,4248917908931838;0,0;0,0;60,0;0,0;1,0;0,0;0,05132418252335346;0,0;0,0;61,0;0,0;0,0;1,0;0,05141502646473683;0,0;0,0;62,0;1,0;0,0;0,0;0,42498271058513054;0,0;0,0;63,0;1,0;0,0;0,0;0,42478503340242296;0,0;0,0;64,0;0,0;1,0;0,0;0,4249222787610995;0,0;0,0;65,0;0,0;0,0;1,0;0,051439681260005164;0,0;0,0;60,0;1,0;0,0;0,0;0,2;0,0;0,0
15,0;46,0;1,0;0,0;0,0;0,5;0,0;0,0;0,0;37,0;0,0;1,0;0,0;0,0;1,0;0,0;1,0;0,0;5,0;1,0;0,0;0,0;0,0;0,0;0,0;0,0;0,0;0,0;0,0;0,0;0,0;1,0;1,0;0,0;1,0;0,0;0,0;0,0;1,0;1,0;0,0;0,0;0,0;0,0;0,0;1,0;0,0;0,0;1,0;0,0;0,0;0,0;0,0;0,0;0,0;1,0;0,0;1,0;0,0;0,0;0,0;0,0;0,0;1,0;0,0;1,0;0,0;0,0;0,0;1,0;0,0;0,0;0,0;0,0;0,0;0,0;0,0;0,0010653818026185036;mean_squared_error;0,998998975242225;43,0;0,0;0,0;1,0;0,5;0,0;0,0;27,0;0,0;0,0;1,0;0,0;0,0;0,0;55,0;1,0;0,0;0,0;0,2875641325500804;0,0;0,0;56,0;0,0;0,0;1,0;0,28736670671576675;0,0;0,0;57,0;0,0;0,0;1,0;0,28781173746005884;0,0;0,0;58,0;1,0;0,0;0,0;0,16323398364054803;0,0;0,0;59,0;0,0;1,0;0,0;0,28778740458292695;0,0;0,0;60,0;0,0;1,0;0,0;0,16288615315965901;0,0;0,0;61,0;1,0;0,0;0,0;0,16230954224109406;0,0;0,0;62,0;1,0;0,0;0,0;0,28766688516757644;0,0;0,0;63,0;0,0;0,0;1,0;0,28702374055162283;0,0;0,0;64,0;0,0;0,0;1,0;0,2871109202144135;0,0;0,0;65,0;0,0;1,0;0,0;0,16234517763266118;0,0;0,0;60,0;0,0;0,0;1,0;0,1991837689681907;0,0;0,0
15,0;46,0;1,0;0,0;0,0;0,5;0,0;0,0;0,0;37,0;0,0;1,0;0,0;0,0;1,0;0,0;1,0;0,0;5,0;1,0;0,0;0,0;0,0;0,0;0,0;0,0;0,0;0,0;0,0;0,0;0,0;1,0;1,0;0,0;1,0;0,0;0,0;0,0;1,0;1,0;0,0;0,0;0,0;0,0;0,0;1,0;0,0;0,0;1,0;0,0;0,0;0,0;0,0;0,0;0,0;1,0;0,0;1,0;0,0;0,0;0,0;0,0;0,0;1,0;0,0;1,0;0,0;0,0;0,0;1,0;0,0;0,0;0,0;0,0;0,0;0,0;0,0;0,0010654192883521318;mean_squared_error;0,9990341252789432;43,0;0,0;0,0;1,0;0,5;0,0;0,0;27,0;0,0;0,0;1,0;0,0;0,0;0,0;55,0;0,0;1,0;0,0;0,12802330895799247;0,0;0,0;56,0;0,0;1,0;0,0;0,12769142797650201;0,0;0,0;57,0;1,0;0,0;0,0;0,1281379427455681;0,0;0,0;58,0;1,0;0,0;0,0;0,2961819039398206;0,0;0,0;59,0;0,0;1,0;0,0;0,12786493235944946;0,0;0,0;60,0;0,0;0,0;1,0;0,29547655880112383;0,0;0,0;61,0;1,0;0,0;0,0;0,29436016970393836;0,0;0,0;62,0;1,0;0,0;0,0;0,12733626072528878;0,0;0,0;63,0;0,0;1,0;0,0;0,12641355740418517;0,0;0,0;64,0;0,0;0,0;1,0;0,12617370465251826;0,0;0,0;65,0;0,0;1,0;0,0;0,2944682673652539;0,0;0,0;60,0;0,0;1,0;0,0;0,1983265992642014;0,0;0,0
15,0;46,0;1,0;0,0;0,0;0,5;0,0;0,0;0,0;37,0;0,0;1,0;0,0;0,0;1,0;0,0;1,0;0,0;5,0;1,0;0,0;0,0;0,0;0,0;0,0;0,0;0,0;0,0;0,0;0,0;0,0;1,0;1,0;0,0;1,0;0,0;0,0;0,0;1,0;1,0;0,0;0,0;0,0;0,0;0,0;1,0;0,0;0,0;1,0;0,0;0,0;0,0;0,0;0,0;0,0;1,0;0,0;1,0;0,0;0,0;0,0;0,0;0,0;1,0;0,0;1,0;0,0;0,0;0,0;1,0;0,0;0,0;0,0;0,0;0,0;0,0;0,0;0,0010662705171853304;mean_squared_error;0,9998323149326166;43,0;0,0;0,0;1,0;0,5;0,0;0,0;27,0;0,0;0,0;1,0;0,0;0,0;0,0;55,0;0,0;0,0;1,0;0,16654462747681548;0,0;0,0;56,0;0,0;1,0;0,0;0,1663683055017547;0,0;0,0;57,0;1,0;0,0;0,0;0,16659266217416055;0,0;0,0;58,0;1,0;0,0;0,0;0,2727982852279872;0,0;0,0;59,0;0,0;1,0;0,0;0,16610121732125077;0,0;0,0;60,0;0,0;0,0;1,0;0,27217864495931804;0,0;0,0;61,0;0,0;0,0;1,0;0,27072991705768495;0,0;0,0;62,0;1,0;0,0;0,0;0,16522535523905812;0,0;0,0;63,0;1,0;0,0;0,0;0,16515090186267817;0,0;0,0;64,0;1,0;0,0;0,0;0,16448124939345773;0,0;0,0;65,0;1,0;0,0;0,0;0,2704724592581453;0,0;0,0;60,0;0,0;1,0;0,0;0,20267311656836168;0,0;0,0
15,0;46,0;1,0;0,0;0,0;0,5;0,0;0,0;0,0;37,0;0,0;1,0;0,0;0,0;1,0;0,0;1,0;0,0;5,0;0,0;0,0;0,0;0,0;0,0;0,0;0,0;0,0;0,0;0,0;0,0;0,0;1,0;1,0;0,0;1,0;0,0;0,0;0,0;1,0;1,0;0,0;0,0;0,0;0,0;0,0;1,0;0,0;0,0;1,0;0,0;0,0;0,0;0,0;0,0;0,0;1,0;0,0;1,0;0,0;0,0;0,0;0,0;0,0;1,0;0,0;1,0;0,0;0,0;0,0;1,0;0,0;0,0;0,0;0,0;0,0;0,0;0,0;0,0010671798372641206;mean_squared_error;1,0006849762270424;43,0;0,0;0,0;1,0;0,5;0,0;0,0;27,0;0,0;0,0;1,0;0,0;0,0;0,0;55,0;1,0;0,0;0,0;0,3192741560968376;0,0;0,0;56,0;0,0;1,0;0,0;0,3192228519097593;0,0;0,0;57,0;1,0;0,0;0,0;0,3193784762677891;0,0;0,0;58,0;1,0;0,0;0,0;0,14308812582643324;0,0;0,0;59,0;1,0;0,0;0,0;0,3193168967579304;0,0;0,0;60,0;0,0;0,0;1,0;0,1430087415852294;0,0;0,0;61,0;0,0;0,0;1,0;0,14210154733956917;0,0;0,0;62,0;0,0;0,0;1,0;0,31880209250033725;0,0;0,0;63,0;1,0;0,0;0,0;0,3188797602396725;0,0;0,0;64,0;1,0;0,0;0,0;0,3186672390718611;0,0;0,0;65,0;1,0;0,0;0,0;0,1421005975205044;0,0;0,0;60,0;0,0;1,0;0,0;0,20271020174190743;0,0;0,0
14,0;36,0;0,0;0,0;1,0;0,5;0,0;0,0;0,0;47,0;1,0;0,0;0,0;0,0;1,0;0,0;0,0;1,0;15,0;1,0;0,0;0,0;1,0;1,0;0,0;0,0;1,0;0,0;0,0;1,0;0,0;1,0;1,0;0,0;1,0;0,0;0,0;0,0;1,0;1,0;0,0;0,0;0,0;0,0;0,0;1,0;0,0;0,0;1,0;0,0;0,0;0,0;0,0;0,0;0,0;1,0;0,0;1,0;0,0;0,0;0,0;0,0;0,0;1,0;0,0;1,0;0,0;0,0;0,0;1,0;0,0;0,0;0,0;0,0;0,0;0,0;0,0;0,02133474498987198;mean_absolute_error;0,9972715042630117;53,0;0,0;0,0;1,0;0,5;0,0;0,0;37,0;0,0;0,0;1,0;0,5;0,0;0,0;65,0;1,0;0,0;0,0;0,5;0,0;0,0;66,0;0,0;0,0;1,0;0,0;0,0;0,0;67,0;0,0;1,0;0,0;0,5;0,0;0,0;68,0;0,0;0,0;1,0;0,5;0,0;0,0;69,0;0,0;0,0;1,0;0,5;0,0;0,0;70,0;0,0;0,0;1,0;0,5;0,0;0,0;51,0;1,0;0,0;0,0;0,5;0,0;0,0;72,0;1,0;0,0;0,0;0,5;0,0;0,0;73,0;1,0;0,0;0,0;0,5;0,0;0,0;74,0;1,0;0,0;0,0;0,0;0,0;0,0;75,0;1,0;0,0;0,0;0,5;0,0;0,0;;;;;;;
15,0;36,0;0,0;0,0;1,0;0,5;0,0;0,0;0,0;47,0;1,0;0,0;0,0;0,0;1,0;0,0;1,0;0,0;15,0;1,0;0,0;0,0;1,0;1,0;0,0;0,0;1,0;0,0;0,0;1,0;0,0;1,0;1,0;0,0;1,0;0,0;0,0;0,0;1,0;1,0;0,0;0,0;0,0;0,0;0,0;1,0;0,0;0,0;1,0;0,0;0,0;0,0;0,0;0,0;0,0;1,0;0,0;1,0;0,0;0,0;0,0;0,0;0,0;1,0;0,0;1,0;0,0;0,0;0,0;1,0;0,0;0,0;0,0;0,0;0,0;0,0;0,0;0,0010681233834475279;mean_squared_error;1,0015697310332545;53,0;0,0;0,0;1,0;0,5;0,0;0,0;37,0;0,0;0,0;1,0;0,0;0,0;0,0;65,0;1,0;0,0;0,0;0,5;0,0;0,0;66,0;0,0;0,0;1,0;0,0;0,0;0,0;67,0;0,0;1,0;0,0;0,5;0,0;0,0;68,0;1,0;0,0;0,0;0,5;0,0;0,0;69,0;1,0;0,0;0,0;0,5;0,0;0,0;70,0;0,0;0,0;1,0;0,5;0,0;0,0;51,0;1,0;0,0;0,0;0,5;0,0;0,0;72,0;1,0;0,0;0,0;0,5;0,0;0,0;73,0;1,0;0,0;0,0;0,5;0,0;0,0;74,0;1,0;0,0;0,0;0,0;0,0;0,0;75,0;1,0;0,0;0,0;0,5;0,0;0,0;60,0;1,0;0,0;0,0;0,19991958173901486;0,0;0,0
15,0;36,0;0,0;0,0;1,0;0,5;0,0;0,0;0,0;47,0;1,0;0,0;0,0;0,0;1,0;0,0;1,0;0,0;15,0;1,0;0,0;0,0;1,0;1,0;0,0;0,0;1,0;0,0;0,0;1,0;0,0;1,0;1,0;0,0;1,0;0,0;0,0;0,0;1,0;1,0;0,0;0,0;0,0;0,0;0,0;1,0;0,0;0,0;1,0;0,0;0,0;0,0;0,0;0,0;0,0;1,0;0,0;1,0;0,0;0,0;0,0;0,0;0,0;1,0;0,0;1,0;0,0;0,0;0,0;1,0;0,0;0,0;0,0;0,0;0,0;0,0;0,0;0,0010665183654055;mean_squared_error;1,000064719989054;53,0;0,0;0,0;1,0;0,5;0,0;0,0;37,0;0,0;0,0;1,0;0,0;0,0;0,0;65,0;1,0;0,0;0,0;0,5;0,0;0,0;66,0;0,0;0,0;1,0;0,0;0,0;0,0;67,0;0,0;1,0;0,0;0,5;0,0;0,0;68,0;1,0;0,0;0,0;0,5;0,0;0,0;69,0;0,0;1,0;0,0;0,5;0,0;0,0;70,0;0,0;0,0;1,0;0,5;0,0;0,0;51,0;1,0;0,0;0,0;0,5;0,0;0,0;72,0;1,0;0,0;0,0;0,5;0,0;0,0;73,0;1,0;0,0;0,0;0,5;0,0;0,0;74,0;1,0;0,0;0,0;0,0;0,0;0,0;75,0;0,0;0,0;1,0;0,5;0,0;0,0;60,0;1,0;0,0;0,0;0,1981436655963486;0,0;0,0
15,0;36,0;0,0;0,0;1,0;0,5;0,0;0,0;0,0;47,0;1,0;0,0;0,0;0,0;1,0;0,0;1,0;0,0;15,0;1,0;0,0;0,0;1,0;1,0;0,0;0,0;1,0;0,0;0,0;1,0;0,0;1,0;1,0;0,0;1,0;0,0;0,0;0,0;1,0;1,0;0,0;0,0;0,0;0,0;0,0;1,0;0,0;0,0;1,0;0,0;0,0;0,0;0,0;0,0;0,0;1,0;0,0;1,0;0,0;0,0;0,0;0,0;0,0;1,0;0,0;1,0;0,0;0,0;0,0;1,0;0,0;0,0;0,0;0,0;0,0;0,0;0,0;0,0010659839026629925;mean_squared_error;0,9995635590618092;53,0;0,0;0,0;1,0;0,5;0,0;0,0;37,0;0,0;0,0;1,0;0,0;0,0;0,0;65,0;0,0;1,0;0,0;0,5;0,0;0,0;66,0;0,0;0,0;1,0;0,0;0,0;0,0;67,0;0,0;1,0;0,0;0,5;0,0;0,0;68,0;1,0;0,0;0,0;0,5;0,0;0,0;69,0;0,0;1,0;0,0;0,5;0,0;0,0;70,0;0,0;0,0;1,0;0,5;0,0;0,0;51,0;1,0;0,0;0,0;0,5;0,0;0,0;72,0;1,0;0,0;0,0;0,5;0,0;0,0;73,0;1,0;0,0;0,0;0,5;0,0;0,0;74,0;1,0;0,0;0,0;0,0;0,0;0,0;75,0;0,0;0,0;1,0;0,5;0,0;0,0;60,0;1,0;0,0;0,0;0,19636785373004814;0,0;0,0
15,0;36,0;0,0;0,0;1,0;0,5;0,0;0,0;0,0;47,0;1,0;0,0;0,0;0,0;1,0;0,0;1,0;0,0;15,0;1,0;0,0;0,0;1,0;1,0;0,0;0,0;1,0;0,0;0,0;1,0;0,0;1,0;1,0;0,0;1,0;0,0;0,0;0,0;1,0;1,0;0,0;0,0;0,0;0,0;0,0;1,0;0,0;0,0;1,0;0,0;0,0;0,0;0,0;0,0;0,0;1,0;0,0;1,0;0,0;0,0;0,0;0,0;0,0;1,0;0,0;1,0;0,0;0,0;0,0;1,0;0,0;0,0;0,0;0,0;0,0;0,0;0,0;0,001069637481123209;mean_squared_error;1,002989486864173;53,0;0,0;0,0;1,0;0,5;0,0;0,0;37,0;0,0;0,0;1,0;0,0;0,0;0,0;65,0;0,0;1,0;0,0;0,5;0,0;0,0;66,0;0,0;0,0;1,0;0,0;0,0;0,0;67,0;0,0;1,0;0,0;0,5;0,0;0,0;68,0;1,0;0,0;0,0;0,5;0,0;0,0;69,0;0,0;1,0;0,0;0,5;0,0;0,0;70,0;0,0;0,0;1,0;0,5;0,0;0,0;51,0;1,0;0,0;0,0;0,5;0,0;0,0;72,0;1,0;0,0;0,0;0,5;0,0;0,0;73,0;1,0;0,0;0,0;0,5;0,0;0,0;74,0;1,0;0,0;0,0;0,0;0,0;0,0;75,0;0,0;0,0;1,0;0,5;0,0;0,0;60,0;1,0;0,0;0,0;0,19636785373004814;0,0;0,0
15,0;36,0;0,0;0,0;1,0;0,5;0,0;0,0;0,0;47,0;1,0;0,0;0,0;0,0;1,0;0,0;1,0;0,0;15,0;1,0;0,0;0,0;1,0;1,0;0,0;0,0;1,0;0,0;0,0;1,0;0,0;1,0;1,0;0,0;1,0;0,0;0,0;0,0;1,0;1,0;0,0;0,0;0,0;0,0;0,0;1,0;0,0;0,0;1,0;0,0;0,0;0,0;0,0;0,0;0,0;1,0;0,0;1,0;0,0;0,0;0,0;0,0;0,0;1,0;0,0;1,0;0,0;0,0;0,0;1,0;0,0;0,0;0,0;0,0;0,0;0,0;0,0;0,0010650309268385172;mean_squared_error;0,9986699621656152;53,0;0,0;0,0;1,0;0,5;0,0;0,0;37,0;0,0;0,0;1,0;0,0;0,0;0,0;65,0;0,0;1,0;0,0;0,5;0,0;0,0;66,0;0,0;0,0;1,0;0,0;0,0;0,0;67,0;0,0;1,0;0,0;0,5;0,0;0,0;68,0;1,0;0,0;0,0;0,5;0,0;0,0;69,0;0,0;1,0;0,0;0,5;0,0;0,0;70,0;0,0;0,0;1,0;0,5;0,0;0,0;51,0;1,0;0,0;0,0;0,5;0,0;0,0;72,0;1,0;0,0;0,0;0,5;0,0;0,0;73,0;1,0;0,0;0,0;0,5;0,0;0,0;74,0;1,0;0,0;0,0;0,0;0,0;0,0;75,0;0,0;0,0;1,0;0,5;0,0;0,0;60,0;1,0;0,0;0,0;0,1957561848362195;0,0;0,0
15,0;36,0;0,0;0,0;1,0;0,5;0,0;0,0;0,0;47,0;1,0;0,0;0,0;0,0;1,0;0,0;1,0;0,0;15,0;1,0;0,0;0,0;1,0;1,0;0,0;0,0;1,0;0,0;0,0;1,0;0,0;1,0;1,0;0,0;1,0;0,0;0,0;0,0;1,0;1,0;0,0;0,0;0,0;0,0;0,0;1,0;0,0;0,0;1,0;0,0;0,0;0,0;0,0;0,0;0,0;1,0;0,0;1,0;0,0;0,0;0,0;0,0;0,0;1,0;0,0;1,0;0,0;0,0;0,0;1,0;0,0;0,0;0,0;0,0;0,0;0,0;0,0;0,0010650638723745942;mean_squared_error;0,9987008548997494;53,0;0,0;0,0;1,0;0,5;0,0;0,0;37,0;0,0;0,0;1,0;0,0;0,0;0,0;65,0;0,0;1,0;0,0;0,5;0,0;0,0;66,0;0,0;0,0;1,0;0,0;0,0;0,0;67,0;0,0;1,0;0,0;0,5;0,0;0,0;68,0;1,0;0,0;0,0;0,5;0,0;0,0;69,0;1,0;0,0;0,0;0,5;0,0;0,0;70,0;0,0;0,0;1,0;0,5;0,0;0,0;51,0;1,0;0,0;0,0;0,5;0,0;0,0;72,0;1,0;0,0;0,0;0,5;0,0;0,0;73,0;1,0;0,0;0,0;0,5;0,0;0,0;74,0;1,0;0,0;0,0;0,0;0,0;0,0;75,0;0,0;0,0;1,0;0,5;0,0;0,0;61,0;1,0;0,0;0,0;0,0;0,0;0,0
15,0;36,0;0,0;0,0;1,0;0,0;0,0;0,0;0,0;47,0;0,0;0,0;1,0;0,0;1,0;0,0;1,0;0,0;15,0;0,0;1,0;1,0;1,0;1,0;0,0;0,0;1,0;0,0;0,0;1,0;0,0;1,0;1,0;0,0;1,0;0,0;0,0;0,0;1,0;1,0;0,0;0,0;0,0;0,0;0,0;1,0;0,0;0,0;1,0;0,0;0,0;0,0;0,0;0,0;0,0;1,0;0,0;1,0;0,0;0,0;0,0;0,0;0,0;1,0;0,0;1,0;0,0;0,0;0,0;1,0;0,0;0,0;0,0;0,0;0,0;0,0;0,0;0,0010650546755641699;mean_squared_error;0,9986922311329769;53,0;1,0;0,0;0,0;0,0;0,0;0,0;37,0;0,0;0,0;1,0;0,0;0,0;0,0;65,0;1,0;0,0;0,0;0,5;0,0;0,0;65,0;0,0;1,0;0,0;0,5;0,0;0,0;67,0;0,0;1,0;0,0;0,5;0,0;0,0;68,0;0,0;1,0;0,0;0,1606374017103806;0,0;0,0;69,0;0,0;1,0;0,0;0,5;0,0;0,0;70,0;0,0;1,0;0,0;0,18472410939169315;0,0;0,0;51,0;0,0;1,0;0,0;0,5;0,0;0,0;71,0;0,0;0,0;1,0;0,5;0,0;0,0;72,0;0,0;0,0;1,0;0,5;0,0;0,0;76,0;1,0;0,0;0,0;0,5;0,0;0,0;74,0;1,0;0,0;0,0;0,24056727967590685;0,0;0,0;62,0;0,0;1,0;0,0;0,0;0,0;0,0
15,0;36,0;0,0;1,0;0,0;0,5;0,0;0,0;0,0;47,0;1,0;0,0;0,0;0,0;1,0;0,0;1,0;0,0;15,0;1,0;0,0;0,0;1,0;0,0;0,0;1,0;0,0;1,0;1,0;0,0;0,0;1,0;1,0;1,0;1,0;0,0;1,0;0,0;1,0;1,0;1,0;1,0;0,0;0,0;1,0;1,0;1,0;0,0;1,0;1,0;1,0;1,0;1,0;1,0;0,0;1,0;0,0;1,0;1,0;0,0;0,0;0,0;0,0;1,0;1,0;1,0;1,0;1,0;1,0;1,0;0,0;1,0;1,0;1,0;0,0;1,0;0,0;0,001067039673216641;mean_squared_error;1,0005535456549661;53,0;0,0;0,0;1,0;0,5;0,0;0,0;37,0;0,0;1,0;0,0;0,0;0,0;0,0;64,0;0,0;1,0;0,0;0,5;0,0;0,0;64,0;0,0;0,0;1,0;0,0;0,0;0,0;67,0;1,0;0,0;0,0;0,5;0,0;0,0;68,0;1,0;0,0;0,0;0,5;0,0;0,0;68,0;0,0;0,0;1,0;0,5;0,0;0,0;71,0;0,0;1,0;0,0;0,5;0,0;0,0;52,0;0,0;1,0;0,0;0,0;0,0;0,0;68,0;1,0;0,0;0,0;0,5;0,0;0,0;71,0;0,0;0,0;1,0;0,5;0,0;0,0;80,0;1,0;0,0;0,0;0,0;0,0;0,0;73,0;1,0;0,0;0,0;0,0;0,0;0,0;61,0;1,0;0,0;0,0;0,0;0,0;0,0
15,0;36,0;0,0;0,0;1,0;0,5;0,0;0,0;0,0;47,0;0,0;0,0;1,0;0,0;1,0;0,0;0,0;1,0;15,0;1,0;0,0;0,0;1,0;0,0;0,0;0,0;1,0;0,0;0,0;1,0;0,0;1,0;1,0;0,0;1,0;0,0;0,0;0,0;1,0;1,0;0,0;0,0;0,0;0,0;0,0;1,0;0,0;0,0;1,0;0,0;0,0;0,0;0,0;0,0;0,0;1,0;0,0;1,0;0,0;0,0;0,0;0,0;0,0;1,0;0,0;1,0;0,0;0,0;0,0;1,0;0,0;0,0;0,0;0,0;0,0;0,0;0,0;0,021298717707395554;mean_absolute_error;0,9955874446594482;53,0;0,0;0,0;1,0;0,5;0,0;0,0;37,0;0,0;0,0;1,0;0,0;0,0;0,0;62,0;1,0;0,0;0,0;0,5;0,0;0,0;63,0;0,0;1,0;0,0;0,0;0,0;0,0;66,0;1,0;0,0;0,0;0,5;0,0;0,0;68,0;1,0;0,0;0,0;0,0;0,0;0,0;68,0;0,0;1,0;0,0;0,5;0,0;0,0;72,0;0,0;1,0;0,0;0,0;0,0;0,0;51,0;0,0;0,0;1,0;0,0;0,0;0,0;64,0;1,0;0,0;0,0;0,5;0,0;0,0;71,0;0,0;0,0;1,0;0,5;0,0;0,0;84,0;0,0;0,0;1,0;0,0;0,0;0,0;69,0;1,0;0,0;0,0;0,5;0,0;0,0;61,0;0,0;1,0;0,0;0,0;0,0;0,0
14,0;36,0;0,0;1,0;0,0;0,0;0,0;0,0;0,0;47,0;0,0;1,0;0,0;0,0;1,0;0,0;1,0;0,0;15,0;0,0;0,0;0,0;0,0;0,0;1,0;1,0;0,0;1,0;0,0;0,0;1,0;1,0;1,0;0,0;1,0;1,0;1,0;1,0;1,0;1,0;1,0;0,0;1,0;1,0;1,0;1,0;0,0;1,0;1,0;0,0;0,0;0,0;1,0;0,0;1,0;1,0;1,0;1,0;0,0;1,0;1,0;1,0;1,0;1,0;1,0;1,0;1,0;0,0;0,0;1,0;1,0;1,0;1,0;1,0;1,0;1,0;1,0;0,0010659643448889256;mean_squared_error;0,9995452199122171;53,0;0,0;0,0;1,0;0,5;0,0;0,0;37,0;0,0;0,0;1,0;0,0;0,0;0,0;61,0;0,0;1,0;0,0;0,5;0,0;0,0;61,0;0,0;1,0;0,0;0,5;0,0;0,0;66,0;0,0;0,0;1,0;0,5;0,0;0,0;69,0;0,0;1,0;0,0;0,5;0,0;0,0;67,0;0,0;1,0;0,0;0,5;0,0;0,0;76,0;0,0;1,0;0,0;0,5;0,0;0,0;49,0;0,0;0,0;1,0;0,0;0,0;0,0;64,0;0,0;1,0;0,0;0,0;0,0;0,0;72,0;1,0;0,0;0,0;0,5;0,0;0,0;86,0;1,0;0,0;0,0;0,5;0,0;0,0;67,0;0,0;1,0;0,0;0,5;0,0;0,0;;;;;;;
15,0;36,0;0,0;0,0;1,0;0,5;0,0;0,0;0,0;47,0;0,0;0,0;1,0;0,0;1,0;0,0;1,0;0,0;15,0;0,0;0,0;1,0;1,0;1,0;0,0;0,0;1,0;0,0;1,0;1,0;0,0;1,0;1,0;1,0;1,0;0,0;0,0;0,0;1,0;1,0;0,0;1,0;0,0;0,0;0,0;1,0;1,0;0,0;1,0;1,0;1,0;1,0;0,0;1,0;0,0;1,0;0,0;1,0;1,0;0,0;0,0;0,0;0,0;1,0;0,0;1,0;0,0;1,0;1,0;1,0;0,0;0,0;0,0;0,0;0,0;0,0;0,0;0,0010654993820935488;mean_squared_error;0,9991092284629869;53,0;0,0;0,0;1,0;0,5;0,0;0,0;37,0;1,0;0,0;0,0;0,0;0,0;0,0;59,0;1,0;0,0;0,0;0,0;0,0;0,0;59,0;1,0;0,0;0,0;0,5;0,0;0,0;65,0;0,0;0,0;1,0;0,0;0,0;0,0;68,0;1,0;0,0;0,0;0,5;0,0;0,0;67,0;0,0;0,0;1,0;0,0;0,0;0,0;77,0;0,0;1,0;0,0;0,5;0,0;0,0;48,0;1,0;0,0;0,0;0,0;0,0;0,0;65,0;0,0;1,0;0,0;0,5;0,0;0,0;69,0;1,0;0,0;0,0;0,0;0,0;0,0;88,0;1,0;0,0;0,0;0,5;0,0;0,0;64,0;0,0;1,0;0,0;0,0;0,0;0,0;59,0;0,0;1,0;0,0;0,0;0,0;0,0
14,0;36,0;1,0;0,0;0,0;0,5;0,0;0,0;0,0;47,0;1,0;0,0;0,0;0,0;1,0;0,0;1,0;0,0;15,0;1,0;0,0;1,0;1,0;1,0;0,0;1,0;0,0;1,0;0,0;0,0;0,0;1,0;1,0;0,0;1,0;0,0;1,0;0,0;1,0;1,0;1,0;0,0;0,0;0,0;1,0;1,0;0,0;0,0;1,0;0,0;0,0;0,0;1,0;0,0;0,0;1,0;0,0;1,0;0,0;0,0;0,0;0,0;0,0;1,0;1,0;1,0;1,0;0,0;0,0;1,0;0,0;1,0;1,0;1,0;0,0;1,0;0,0;0,001067345729097724;mean_squared_error;1,000840531513761;53,0;0,0;1,0;0,0;0,0;0,0;0,0;37,0;0,0;0,0;1,0;0,0;0,0;0,0;58,0;0,0;1,0;0,0;0,5;0,0;0,0;58,0;0,0;1,0;0,0;0,5;0,0;0,0;65,0;1,0;0,0;0,0;0,5;0,0;0,0;67,0;1,0;0,0;0,0;0,0;0,0;0,0;67,0;0,0;1,0;0,0;0,5;0,0;0,0;78,0;0,0;1,0;0,0;0,0;0,0;0,0;45,0;0,0;1,0;0,0;0,0;0,0;0,0;67,0;1,0;0,0;0,0;0,5;0,0;0,0;66,0;1,0;0,0;0,0;0,5;0,0;0,0;89,0;0,0;1,0;0,0;0,5;0,0;0,0;62,0;0,0;1,0;0,0;0,0;0,0;0,0;;;;;;;
13,0;36,0;0,0;1,0;0,0;0,5;0,0;0,0;0,0;47,0;0,0;0,0;1,0;0,0;1,0;0,0;1,0;0,0;15,0;0,0;1,0;1,0;1,0;1,0;0,0;0,0;0,0;0,0;0,0;0,0;0,0;1,0;1,0;0,0;1,0;0,0;0,0;0,0;1,0;1,0;0,0;0,0;0,0;0,0;0,0;1,0;0,0;0,0;1,0;0,0;0,0;0,0;0,0;0,0;0,0;1,0;0,0;1,0;0,0;0,0;0,0;0,0;0,0;1,0;0,0;1,0;0,0;0,0;0,0;1,0;0,0;0,0;0,0;0,0;0,0;0,0;0,0;0,0010650306940078735;mean_squared_error;0,9986697438424057;53,0;0,0;1,0;0,0;0,0;0,0;0,0;37,0;0,0;0,0;1,0;0,0;0,0;0,0;57,0;0,0;1,0;0,0;0,5;0,0;0,0;58,0;0,0;1,0;0,0;0,0;0,0;0,0;66,0;1,0;0,0;0,0;0,5;0,0;0,0;66,0;0,0;1,0;0,0;0,5;0,0;0,0;66,0;0,0;1,0;0,0;0,5;0,0;0,0;78,0;0,0;1,0;0,0;0,0;0,0;0,0;43,0;0,0;1,0;0,0;0,0;0,0;0,0;69,0;0,0;1,0;0,0;0,5;0,0;0,0;63,0;1,0;0,0;0,0;0,5;0,0;0,0;90,0;0,0;1,0;0,0;0,5;0,0;0,0;;;;;;;;;;;;;;
